state_clean,district,age_0_5,age_5_17,age_18_greater,total,youth_pct,demo_age_5_17,demo_age_17_,demo_total,bio_age_5_17,bio_age_17_,bio_total,n_total,n_youth_pct,n_demo_total,n_bio_total,priority
100000,100000,0,1,217,218,0.45871559633027525,0.0,2.0,2.0,0.0,0.0,0.0,0.004967152699887838,0.0045871559633027525,4.471741944715854e-06,0.0,0.0028861867841753746
andaman and nicobar islands,Andamans,70,5,0,75,6.666666666666667,7.0,743.0,750.0,343.0,1672.0,2015.0,0.0016938677409755762,0.06666666666666667,0.0016769032292684454,0.003326388911816852,0.018260178804225178
andaman and nicobar islands,Nicobar,64,11,0,75,14.666666666666666,58.0,729.0,787.0,992.0,819.0,1811.0,0.0016938677409755762,0.14666666666666667,0.0017596304552456887,0.002989622987245816,0.03820937106450642
andaman and nicobar islands,Nicobars,1,0,0,1,0.0,0.0,4.0,4.0,1.0,1.0,2.0,0.0,0.0,8.943483889431708e-06,3.3016267114807466e-06,2.449022120182491e-06
andaman and nicobar islands,North And Middle Andaman,128,4,0,132,3.0303030303030303,112.0,1897.0,2009.0,3780.0,2603.0,6383.0,0.0029986037036189256,0.030303030303030304,0.004491864783467076,0.010537141649690803,0.011631070158655776
andaman and nicobar islands,South Andaman,216,12,0,228,5.263157894736842,440.0,3256.0,3696.0,6690.0,3797.0,10487.0,0.005196053745965618,0.05263157894736842,0.008263779113834899,0.017312079661649295,0.02009168530302691
andhra pradesh,Adilabad,1137,281,1,1419,19.802677942212828,2596.0,26695.0,29291.0,12208.0,39830.0,52038.0,0.032458168333829286,0.1980267794221283,0.06549089665133605,0.08590502540601755,0.09114623818384304
andhra pradesh,Alluri Sitharama Raju,1105,116,34,1255,9.243027888446214,1569.0,11302.0,12871.0,8438.0,10169.0,18607.0,0.028704191178153683,0.09243027888446215,0.02877789528521888,0.030716684110261124,0.045052952512565324
andhra pradesh,Anakapalli,523,12,8,543,2.209944751381215,1772.0,11688.0,13460.0,3542.0,3181.0,6723.0,0.012406436697415707,0.02209944751381215,0.030094823287937698,0.01109841819064253,0.018105763018264578
andhra pradesh,Anantapur,4089,326,0,4415,7.383918459796149,8956.0,59789.0,68745.0,35834.0,57731.0,93565.0,0.10103692173873234,0.07383918459796149,0.1537049499947457,0.15445835162984803,0.11545537908296544
andhra pradesh,Ananthapur,1843,151,0,1994,7.57271815446339,9092.0,20934.0,30026.0,64082.0,20050.0,84132.0,0.04561997848330167,0.0757271815446339,0.06713426181601911,0.1388862292451491,0.0761028860675477
andhra pradesh,Ananthapuramu,3018,159,10,3187,4.989017885158456,11812.0,44132.0,55944.0,90533.0,19069.0,109602.0,0.07292787328038089,0.04989017885158457,0.12508356567759188,0.1809324454158564,0.09920050257971913
andhra pradesh,Annamayya,868,48,105,1021,4.701273261508325,5789.0,27845.0,33634.0,5790.0,3922.0,9712.0,0.023347906699933616,0.04701273261508325,0.07520128428428652,0.016032699310950506,0.03817174721779498
andhra pradesh,Bapatla,421,55,16,492,11.178861788617885,2008.0,11506.0,13514.0,3899.0,2083.0,5982.0,0.011239041362419025,0.11178861788617886,0.030215560320445027,0.009875165494038912,0.03989896411128816
andhra pradesh,Chittoor,7493,659,43,8195,8.041488712629652,28652.0,140927.0,169579.0,168710.0,82695.0,251405.0,0.1875615171561334,0.08041488712629652,0.3791567636214849,0.41502273169990855,0.24458615185049953
andhra pradesh,Cuddapah,5519,413,2,5934,6.959892146949781,11074.0,72593.0,83667.0,115127.0,55669.0,170796.0,0.1358069906379472,0.06959892146949781,0.18706861664427069,0.2819523179070328,0.15873636400091667
andhra pradesh,Dr. B. R. Ambedkar Konaseema,618,30,17,665,4.511278195488721,1752.0,12404.0,14156.0,4352.0,2954.0,7306.0,0.015199029459564629,0.04511278195488721,0.03165098948469881,0.012060842377039168,0.02534022217191702
andhra pradesh,East Godavari,7161,507,10,7678,6.603282104714769,19090.0,136935.0,156025.0,204904.0,96946.0,301850.0,0.17572733307391214,0.0660328210471477,0.34885176846214555,0.49829801143023167,0.2474427278161316
andhra pradesh,Eluru,568,45,16,629,7.154213036565977,2346.0,15238.0,17584.0,4288.0,3942.0,8230.0,0.014374985693684618,0.07154213036565978,0.03931555517794179,0.013586193917743272,0.03349712740334157
andhra pradesh,Guntur,8769,925,35,9729,9.507657518758352,22026.0,155195.0,177221.0,187665.0,104029.0,291694.0,0.22267493762446494,0.09507657518758351,0.3962432895922442,0.48153235098933245,0.27726050008177394
andhra pradesh,Hyderabad,3831,1008,1,4840,20.826446280991735,4382.0,31824.0,36206.0,23363.0,82381.0,105744.0,0.11076521619703801,0.20826446280991737,0.0809519444251911,0.17456360748941002,0.1419370517543629
andhra pradesh,K.V.Rangareddy,55,14,0,69,20.28985507246377,48.0,470.0,518.0,168.0,605.0,773.0,0.001556527113328908,0.2028985507246377,0.0011581811636814062,0.0012760787239873086,0.05175627414835829
andhra pradesh,K.v. Rangareddy,15,4,0,19,21.052631578947366,32.0,134.0,166.0,216.0,188.0,404.0,0.000412021882940005,0.21052631578947367,0.0003711545814114159,0.0006669285957191108,0.05298340324182352
andhra pradesh,Kakinada,858,84,27,969,8.6687306501548,3621.0,24648.0,28269.0,7141.0,4557.0,11698.0,0.02215762126032916,0.08668730650154799,0.06320583651758624,0.019311214635450887,0.04593040429710963
andhra pradesh,Karim Nagar,71,11,0,82,13.414634146341465,82.0,1069.0,1151.0,387.0,1310.0,1697.0,0.0018540984732300226,0.13414634146341464,0.0025734874891839743,0.0028014302646914135,0.03526050338225925
andhra pradesh,Karimnagar,552,107,0,659,16.236722306525035,967.0,9364.0,10331.0,4338.0,12789.0,17127.0,0.01506168883191796,0.16236722306525037,0.023098783015429745,0.028273480343765374,0.0561378495293229
andhra pradesh,Khammam,869,264,0,1133,23.300970873786408,4648.0,27720.0,32368.0,15536.0,25422.0,40958.0,0.02591159841600476,0.23300970873786409,0.07237067163328138,0.06761401342441421,0.09531842364160681
andhra pradesh,Krishna,6163,540,34,6737,8.015437138192073,13459.0,98390.0,111849.0,146788.0,86459.0,233247.0,0.154187744637993,0.08015437138192073,0.2500799323872618,0.38504726278637486,0.20102974250350508
andhra pradesh,Kurnool,10923,823,24,11770,6.992353440951573,29378.0,148267.0,177645.0,242992.0,107641.0,350633.0,0.26939364112894,0.06992353440951572,0.397191298884524,0.5788296393633143,0.3069728456470756
andhra pradesh,Mahabub Nagar,1079,432,0,1511,28.590337524818,444.0,12369.0,12813.0,822.0,13030.0,13852.0,0.034564057957744865,0.28590337524818,0.02864821476882212,0.022867066603715652,0.09387632037176324
andhra pradesh,Mahabubnagar,7,0,0,7,0.0,13.0,68.0,81.0,39.0,81.0,120.0,0.00013734062764666835,0.0,0.0001811055487609921,0.0001980976026888448,0.0001239098499663013
andhra pradesh,Mahbubnagar,511,211,0,722,29.224376731301938,1254.0,8643.0,9897.0,3060.0,11679.0,14739.0,0.016503765422207977,0.2922437673130194,0.022128415013426404,0.024331338050257362,0.08812921033876439
andhra pradesh,Medak,1176,229,1,1406,16.287339971550498,1711.0,11252.0,12963.0,6281.0,16164.0,22445.0,0.03216059697392817,0.162873399715505,0.02898359541467581,0.03705250576959268,0.0651817791066048
andhra pradesh,N. T. R,790,97,46,933,10.39657020364416,4718.0,33352.0,38070.0,6788.0,6771.0,13559.0,0.021333577494449148,0.1039657020364416,0.08511960791766629,0.022383378290483723,0.054958774873797606
andhra pradesh,Nalgonda,951,216,0,1167,18.50899742930591,1623.0,28221.0,29844.0,5640.0,27013.0,32653.0,0.026689861972669215,0.18508997429305912,0.06672733329904998,0.05390400850499041,0.07974021362450709
andhra pradesh,Nandyal,860,39,6,905,4.30939226519337,4798.0,22587.0,27385.0,6337.0,4303.0,10640.0,0.020692654565431363,0.0430939226519337,0.06122932657802183,0.01756465410507757,0.03377470589750428
andhra pradesh,Nellore,4611,754,2,5367,14.048816843674306,7111.0,61012.0,68123.0,99065.0,59412.0,158477.0,0.12282830132533705,0.14048816843674305,0.15231423824993906,0.26161594817766715,0.16089798485857498
andhra pradesh,Nizamabad,453,71,0,524,13.549618320610687,728.0,4813.0,5541.0,3452.0,7527.0,10979.0,0.011971524709867924,0.13549618320610687,0.012388961057835273,0.01812427983267356,0.044166727628082256
andhra pradesh,Palnadu,759,76,25,860,8.837209302325581,3955.0,21540.0,25495.0,6007.0,4046.0,10053.0,0.01966259985808135,0.08837209302325581,0.05700353044026535,0.016595626665257972,0.043694764627247085
andhra pradesh,Parvathipuram Manyam,464,36,8,508,7.086614173228346,1511.0,7880.0,9391.0,5090.0,5540.0,10630.0,0.011605283036143475,0.07086614173228346,0.020997064301413293,0.017548145971520168,0.029487426550307772
andhra pradesh,Prakasam,6405,1157,61,7623,15.177751541387904,15519.0,104979.0,120498.0,136533.0,75766.0,212299.0,0.17446837732048437,0.15177751541387904,0.2694179804271855,0.3504660246103255,0.22298511192314152
andhra pradesh,Rangareddi,1478,405,0,1883,21.508231545406268,3569.0,18676.0,22245.0,13261.0,41326.0,54587.0,0.0430791768718383,0.21508231545406267,0.04973694978010209,0.09011294864979975,0.09681827045463945
andhra pradesh,Spsr Nellore,1167,713,303,2183,32.66147503435639,0.0,0.0,0.0,0.0,0.0,0.0,0.04994620825417172,0.3266147503435639,0.0,0.0,0.09913486047485108
andhra pradesh,Sri Potti Sriramulu Nellore,689,622,303,1614,38.53779429987608,3045.0,19020.0,22065.0,6668.0,3467.0,10135.0,0.036921738732346006,0.3853779429987608,0.04933449300507766,0.016730993360428683,0.12248019157911258
andhra pradesh,Sri Sathya Sai,879,40,19,938,4.264392324093817,3953.0,18154.0,22107.0,5704.0,4711.0,10415.0,0.02144802801748804,0.042643923240938165,0.049428399585916695,0.017193221100035988,0.031492114753545894
andhra pradesh,Srikakulam,4157,135,8,4300,3.1395348837209305,24315.0,111384.0,135699.0,125178.0,67429.0,192607.0,0.09840455970883787,0.031395348837209305,0.3034054550779984,0.3179582080090861,0.1665631657248125
andhra pradesh,Tirupati,802,689,228,1719,40.081442699243745,4768.0,28462.0,33230.0,5633.0,4765.0,10398.0,0.039325199716162704,0.40081442699243747,0.07429799241145392,0.017165157272988403,0.13226005658565476
andhra pradesh,Visakhapatanam,186,28,12,226,12.389380530973451,0.0,0.0,0.0,0.0,0.0,0.0,0.005150273536750062,0.12389380530973451,0.0,0.0,0.032776047065296146
andhra pradesh,Visakhapatnam,7688,460,30,8178,5.624847150892639,19864.0,137329.0,157193.0,195385.0,115918.0,311303.0,0.18717238537780118,0.05624847150892639,0.35146326575785963,0.5139031500820455,0.252645735927443
andhra pradesh,Vizianagaram,3695,158,3,3856,4.097510373443983,11069.0,67818.0,78887.0,101296.0,58702.0,159998.0,0.0882413532629844,0.040975103734439834,0.1763811533963998,0.26412683529174824,0.1292298473132841
andhra pradesh,Warangal,858,201,0,1059,18.980169971671387,3605.0,31161.0,34766.0,13746.0,38012.0,51758.0,0.02421773067502918,0.18980169971671387,0.0777322902249957,0.08544279766641023,0.08856164824371987
andhra pradesh,West Godavari,5568,343,24,5935,5.77927548441449,14258.0,112548.0,126806.0,139979.0,80435.0,220414.0,0.135829880742555,0.0577927548441449,0.2835218545208193,0.3638623749921586,0.19146549287352604
andhra pradesh,Y. S. R,738,52,33,823,6.318347509113001,4161.0,24025.0,28186.0,5183.0,3425.0,8608.0,0.01881566598759356,0.06318347509113001,0.06302025922688054,0.014210201366213133,0.03782744398705898
andhra pradesh,chittoor,4,0,0,4,0.0,5.0,52.0,57.0,17.0,16.0,33.0,6.867031382333417e-05,0.0,0.00012744464542440185,5.4476840739432315e-05,6.041890707093379e-05
andhra pradesh,rangareddi,1,0,0,1,0.0,0.0,20.0,20.0,2.0,6.0,8.0,0.0,0.0,4.4717419447158544e-05,1.3206506845922986e-05,1.1584785258616306e-05
arunachal pradesh,Anjaw,23,11,3,37,29.72972972972973,128.0,632.0,760.0,675.0,496.0,1171.0,0.00082404376588001,0.2972972972972973,0.0016992619389920246,0.001933102439571977,0.07533921251809512
arunachal pradesh,Changlang,486,304,13,803,37.858032378580326,690.0,4969.0,5659.0,5436.0,2747.0,8183.0,0.018357863895438,0.37858032378580325,0.012652793832573509,0.013508605690023474,0.10630261321437351
arunachal pradesh,Dibang Valley,7,3,0,10,30.0,28.0,132.0,160.0,313.0,158.0,471.0,0.0002060109414700025,0.3,0.00035773935557726835,0.0007775330905537158,0.07529915831874069
arunachal pradesh,East Kameng,88,79,14,181,43.646408839779006,292.0,1130.0,1422.0,2690.0,1607.0,4297.0,0.00412021882940005,0.43646408839779005,0.0031794085226929726,0.007093544989616384,0.1126126893921994
arunachal pradesh,East Siang,80,86,2,168,51.19047619047619,423.0,2080.0,2503.0,2242.0,1079.0,3321.0,0.0038226474694989356,0.5119047619047619,0.005596385043811891,0.005482351154413779,0.13152986433016023
arunachal pradesh,Kamle,3,25,2,30,83.33333333333334,64.0,254.0,318.0,57.0,86.0,143.0,0.0006638130336255636,0.8333333333333335,0.0007110069692098208,0.00023606630987087337,0.20875508255091846
arunachal pradesh,Kra Daadi,18,59,4,81,72.8395061728395,145.0,369.0,514.0,717.0,523.0,1240.0,0.0018312083686222447,0.7283950617283951,0.0011492376797919744,0.002047008561118063,0.18337893760929858
arunachal pradesh,Kurung Kumey,19,44,12,75,58.666666666666664,106.0,229.0,335.0,1299.0,2091.0,3390.0,0.0016938677409755762,0.5866666666666667,0.0007490167757399056,0.0055962572759598655,0.14852857518634807
arunachal pradesh,Leparada,0,2,1,3,66.66666666666666,8.0,15.0,23.0,34.0,2.0,36.0,4.578020921555612e-05,0.6666666666666666,5.142503236423232e-05,5.942928080665344e-05,0.1667048606025263
arunachal pradesh,Lohit,102,63,1,166,37.95180722891566,212.0,1654.0,1866.0,1796.0,2095.0,3891.0,0.003776867260283379,0.3795180722891566,0.004172135234419892,0.006423314767185793,0.09832051161370947
arunachal pradesh,Longding,141,719,37,897,80.15607580824971,263.0,1222.0,1485.0,1611.0,988.0,2599.0,0.02050953372856914,0.8015607580824972,0.003320268393951522,0.00429046391156923,0.20909067278672763
arunachal pradesh,Lower Dibang Valley,58,49,2,109,44.95412844036697,186.0,971.0,1157.0,1373.0,875.0,2248.0,0.00247213129764003,0.44954128440366975,0.002586902715018122,0.0037110284237043593,0.11451015328283594
arunachal pradesh,Lower Siang,10,18,3,31,58.06451612903226,70.0,269.0,339.0,359.0,54.0,413.0,0.0006867031382333416,0.5806451612903226,0.0007579602596293372,0.0006817859159207742,0.14568958565607235
arunachal pradesh,Lower Subansiri,50,55,0,105,52.38095238095239,198.0,1323.0,1521.0,1530.0,1150.0,2680.0,0.002380570879208918,0.5238095238095238,0.003400759748956407,0.004424179793384201,0.1333505686685722
arunachal pradesh,Namsai,95,54,1,150,36.0,221.0,1914.0,2135.0,3561.0,2442.0,6003.0,0.0034106255865589304,0.36,0.004773584525984175,0.009909832574509461,0.09413040237539434
arunachal pradesh,Pakke Kessang,2,1,1,4,25.0,14.0,73.0,87.0,30.0,44.0,74.0,6.867031382333417e-05,0.25,0.00019452077459513966,0.00012216018832478763,0.06258737080242216
arunachal pradesh,Papum Pare,201,241,5,447,53.914988814317674,770.0,4152.0,4922.0,4835.0,4424.0,9259.0,0.010208986655069013,0.5391498881431768,0.011004956925945717,0.015284880860800116,0.14361858492241752
arunachal pradesh,Shi-yomi,8,22,5,35,62.857142857142854,43.0,195.0,238.0,210.0,319.0,529.0,0.0007782635566644539,0.6285714285714286,0.0005321372914211867,0.0008732802651866575,0.15769633289901125
arunachal pradesh,Siang,39,60,4,103,58.252427184466015,175.0,602.0,777.0,880.0,429.0,1309.0,0.002334790669993362,0.5825242718446602,0.0017372717455221094,0.0021609146826641486,0.14722788198129996
arunachal pradesh,Tawang,104,43,7,154,27.92207792207792,209.0,742.0,951.0,1866.0,598.0,2464.0,0.0035021860049900427,0.2792207792207792,0.0021263132947123885,0.00406760410854428,0.07226974338759265
arunachal pradesh,Tirap,59,39,1,99,39.39393939393939,96.0,894.0,990.0,1371.0,522.0,1893.0,0.0022432302515622495,0.3939393939393939,0.002213512262634348,0.003124989682416527,0.10033767946190544
arunachal pradesh,Upper Siang,21,21,1,43,48.837209302325576,199.0,1122.0,1321.0,1235.0,561.0,1796.0,0.0009613843935266784,0.4883720930232558,0.0029535855544848217,0.0029648607869097103,0.12361319706182719
arunachal pradesh,Upper Subansiri,76,55,12,143,38.46153846153847,347.0,1202.0,1549.0,2462.0,1704.0,4166.0,0.003250394854304484,0.3846153846153847,0.003463364136182429,0.006877288440014395,0.0993596148680921
arunachal pradesh,West Kameng,157,103,18,278,37.05035971223021,375.0,1484.0,1859.0,2967.0,3205.0,6172.0,0.006340558976354521,0.37050359712230213,0.004156484137613386,0.010188820031629584,0.09771415575614821
arunachal pradesh,West Siang,110,80,2,192,41.66666666666667,521.0,3031.0,3552.0,3345.0,1301.0,4646.0,0.004372009980085609,0.41666666666666674,0.007941813693815357,0.007669678850769774,0.10881916866861367
assam,Bajali,19,8,2,29,27.586206896551722,57.0,787.0,844.0,6.0,17.0,23.0,0.0006409229290177856,0.27586206896551724,0.0018870751006700905,3.796870718202859e-05,0.06957484902810596
assam,Baksa,2120,1179,400,3699,31.873479318734795,1346.0,15666.0,17012.0,11602.0,5853.0,17455.0,0.08464760683956325,0.31873479318734793,0.03803663698175306,0.028814947124448216,0.12268067751192438
assam,Barpeta,10545,3306,532,14383,22.98546895640687,4978.0,54164.0,59142.0,66392.0,29029.0,95421.0,0.329205484469064,0.2298546895640687,0.13223388104719253,0.15752226121810217,0.2306368204082485
assam,Biswanath,789,464,76,1329,34.91346877351392,844.0,10181.0,11025.0,6159.0,3389.0,9548.0,0.030398058919129257,0.3491346877351392,0.024650477470246148,0.015761965920609085,0.1060054812336511
assam,Bongaigaon,2324,626,225,3175,19.716535433070867,3318.0,35806.0,39124.0,24633.0,11975.0,36608.0,0.07265319202508755,0.19716535433070867,0.08747621592253155,0.06043297532694358,0.10430179404135283
assam,Cachar,11474,4513,1527,17514,25.76795706292109,5078.0,52941.0,58019.0,42167.0,23978.0,66145.0,0.4008744019960171,0.25767957062921093,0.12972299794523456,0.109193049415447,0.25250914282804504
assam,Charaideo,659,336,194,1189,28.259041211101767,763.0,9150.0,9913.0,6096.0,2197.0,8293.0,0.02719344427404033,0.28259041211101765,0.022164188948984132,0.013690195159154915,0.08733618534529633
assam,Chirang,2013,1071,264,3348,31.989247311827956,1175.0,12222.0,13397.0,18078.0,9009.0,27087.0,0.07661318012223316,0.31989247311827956,0.02995396341667915,0.04471558136693949,0.12172164027907521
assam,Darrang,4390,1914,1291,7595,25.200789993416723,3187.0,25132.0,28319.0,16240.0,10025.0,26265.0,0.17382745439146657,0.2520078999341672,0.06331763006620414,0.043358612788520906,0.1451768325915001
assam,Dhemaji,3864,1846,1191,6901,26.74974641356325,1927.0,20422.0,22349.0,12494.0,8236.0,20730.0,0.1579417217936686,0.2674974641356325,0.049969480361227316,0.03422136086449794,0.1389921369068372
assam,Dhubri,8432,3849,365,12646,30.436501660604144,7185.0,73614.0,80799.0,40373.0,19102.0,59475.0,0.28944537276535354,0.3043650166060414,0.18065613869554814,0.0981821243326587,0.23316478722502545
assam,Dibrugarh,3895,1675,1492,7062,23.71849334466157,1874.0,24645.0,26519.0,14970.0,11765.0,26735.0,0.16162702863552086,0.2371849334466157,0.05929306231595987,0.04413449506571888,0.13655120486042197
assam,Dima Hasao,119,103,28,250,41.199999999999996,16.0,264.0,280.0,11.0,14.0,25.0,0.005699636047336735,0.412,0.0006260438722602196,4.1270333893509334e-05,0.10512833545779861
assam,Goalpara,6881,2220,797,9898,22.428773489593855,4325.0,36242.0,40567.0,17021.0,10603.0,27624.0,0.22654336530317945,0.22428773489593856,0.09070257773564402,0.04560206813897207,0.16262304075502068
assam,Golaghat,5537,4047,1921,11505,35.176010430247715,1998.0,25926.0,27924.0,12369.0,7785.0,20154.0,0.2633277634078788,0.3517601043024772,0.06243446103212276,0.033270492371591485,0.1992457339491197
assam,Hailakandi,3826,1441,311,5578,25.83363212621011,2253.0,19049.0,21302.0,14201.0,6922.0,21123.0,0.12765811339757824,0.2583363212621011,0.047628523453168564,0.034870130513303906,0.12576415079797215
assam,Hojai,5288,1607,155,7050,22.79432624113475,2371.0,22937.0,25308.0,15271.0,13731.0,29002.0,0.16135234738022752,0.22794326241134752,0.05658542256843442,0.0478768889431823,0.13435159948823985
assam,Jorhat,2905,1122,860,4887,22.958870472682626,1266.0,18522.0,19788.0,10704.0,5575.0,16279.0,0.11184105111360358,0.22958870472682627,0.04424341480101866,0.026873590618097538,0.11076494515529105
assam,Kamrup,9311,3370,985,13666,24.659739499487777,3266.0,41318.0,44584.0,30056.0,13196.0,43252.0,0.3127932794652872,0.2465973949948778,0.09968407143160582,0.07140097926248262,0.20534400670038763
assam,Kamrup Metro,2654,2055,1337,6046,33.98941448891829,2308.0,23883.0,26191.0,14584.0,12178.0,26762.0,0.13837068235401837,0.33989414488918296,0.05855969663702647,0.04417906702632387,0.15395102777887223
assam,Karbi Anglong,2918,4107,1082,8107,50.659923522881456,2438.0,28683.0,31121.0,25507.0,13699.0,39206.0,0.18554718795064895,0.5065992352288146,0.06958254053075105,0.06472178842515708,0.2184521903811124
assam,Karimganj,9336,4903,594,14833,33.054675385963726,4135.0,37279.0,41414.0,24232.0,11414.0,35646.0,0.33950603154256415,0.3305467538596373,0.0925963604492312,0.05884489287872135,0.23175205017039727
assam,Kokrajhar,2519,1572,518,4609,34.10718160121501,1928.0,20741.0,22669.0,18300.0,10559.0,28859.0,0.10547760203264128,0.34107181601215014,0.05068495907238185,0.04764082263331143,0.1418502710556006
assam,Lakhimpur,4726,1825,648,7199,25.350743158772055,2993.0,32419.0,35412.0,17189.0,12583.0,29772.0,0.16476297296678646,0.25350743158772054,0.07917666287313892,0.049148015227102396,0.14670883405535362
assam,Majuli,347,157,11,515,30.485436893203882,290.0,2991.0,3281.0,2139.0,1243.0,3382.0,0.01176551376839792,0.3048543689320388,0.007335892660306359,0.005583050769113943,0.08291531073783304
assam,Marigaon,6735,2928,824,10487,27.920282254219508,4499.0,39311.0,43810.0,19361.0,14575.0,33936.0,0.24002563691716072,0.2792028225421951,0.09795350729900079,0.056022002040405305,0.18460478042443626
assam,Nagaon,9002,3478,393,12873,27.017789171133376,7120.0,90257.0,97377.0,44214.0,73665.0,117879.0,0.29464142651131914,0.2701778917113338,0.21772240767529788,0.19459622756131947,0.25313269925411863
assam,Nalbari,2709,977,195,3881,25.173924246328266,2083.0,18878.0,20961.0,14657.0,5594.0,20251.0,0.08881360587817885,0.25173924246328266,0.04686609145159451,0.0334306212670983,0.11007891521692181
assam,North Cachar Hills,501,420,137,1058,39.69754253308129,300.0,3299.0,3599.0,2782.0,1242.0,4024.0,0.024194840570421407,0.3969754253308129,0.00804689962951618,0.006642872943499262,0.11065000504695381
assam,Sibsagar,1561,514,662,2737,18.77968578735842,1031.0,12039.0,13070.0,8287.0,3093.0,11380.0,0.06262732620688076,0.18779685787358422,0.029222833608718107,0.018786255988325447,0.07847059656021303
assam,Sivasagar,204,113,105,422,26.77725118483412,0.0,0.0,0.0,0.0,0.0,0.0,0.009636734039874561,0.2677725118483412,0.0,0.0,0.0703159848760414
assam,Sonitpur,5501,2723,973,9197,29.607480700228333,3162.0,40414.0,43576.0,17454.0,12663.0,30117.0,0.21049740197312702,0.29607480700228334,0.09743031349146904,0.04971754583483282,0.17712236430642567
assam,South Salmara Mankachar,1062,364,46,1472,24.728260869565215,1188.0,19859.0,21047.0,2855.0,1993.0,4848.0,0.03367134387804152,0.24728260869565216,0.04705837635521729,0.00800314314862933,0.08461792643199689
assam,Sribhumi,115,43,11,169,25.443786982248522,192.0,4895.0,5087.0,42.0,315.0,357.0,0.0038455375741067136,0.25443786982248523,0.011373875636384775,0.0005893403679993133,0.06734804880743549
assam,Tamulpur District,22,33,0,55,60.0,54.0,1214.0,1268.0,17.0,53.0,70.0,0.001236065648820015,0.6,0.0028350843929498518,0.00011555693490182612,0.15102275124265735
assam,Tinsukia,3884,2867,1633,8384,34.19608778625955,2000.0,33249.0,35249.0,12082.0,7167.0,19249.0,0.19188774692700347,0.3419608778625955,0.07881221590464457,0.03177650628464645,0.17476867532795828
assam,Udalguri,2658,1322,585,4565,28.95947426067908,1380.0,18400.0,19780.0,12995.0,9353.0,22348.0,0.10447043742989905,0.2895947426067908,0.0442255278332398,0.036892376874085864,0.1251869196936275
assam,West Karbi Anglong,390,987,507,1884,52.38853503184714,152.0,1299.0,1451.0,1084.0,2308.0,3392.0,0.04310206697644608,0.5238853503184714,0.0032442487808913524,0.005599558902671346,0.14782582255808652
bihar,Araria,9939,5515,125,15579,35.400218242505936,9001.0,146314.0,155315.0,72533.0,82911.0,155444.0,0.3565820495799666,0.3540021824250594,0.34726430007177145,0.2566090312697066,0.3340789292275488
bihar,Arwal,812,3020,34,3866,78.11691670977756,2232.0,25538.0,27770.0,12094.0,18610.0,30704.0,0.08847025430906219,0.7811691670977756,0.06209013690237963,0.050686573274652424,0.24881222281802207
bihar,Aurangabad,3001,7096,73,10170,69.77384464110128,10545.0,95295.0,105840.0,46556.0,49874.0,96430.0,0.23276947375649507,0.6977384464110128,0.236644583714363,0.1591879318940442,0.3350704305392079
bihar,Aurangabad(BH),5,3,0,8,37.5,2.0,22.0,24.0,1.0,9.0,10.0,0.0001602307322544464,0.375,5.366090333659025e-05,1.650813355740373e-05,0.09382011456366786
bihar,Aurangabad(bh),44,61,0,105,58.0952380952381,24.0,646.0,670.0,34.0,188.0,222.0,0.002380570879208918,0.580952380952381,0.0014980335514798112,0.0003664805649743629,0.1464441978691092
bihar,Banka,6198,4797,79,11074,43.317681054722776,7434.0,90686.0,98120.0,49854.0,48373.0,98227.0,0.25346212832192644,0.4331768105472278,0.2193836598077598,0.16215444349430966,0.27331356820989505
bihar,Begusarai,8106,5045,58,13209,38.19365584071466,13270.0,119720.0,132990.0,72549.0,74659.0,147208.0,0.30233250165953257,0.38193655840714663,0.29734848061388075,0.24301293247182887,0.30937279779976495
bihar,Bhabua,14,17,0,31,54.83870967741935,5.0,127.0,132.0,4.0,29.0,33.0,0.0006867031382333416,0.5483870967741935,0.00029513496835124637,5.4476840739432315e-05,0.13740704265374817
bihar,Bhagalpur,10456,10229,377,21062,48.56613806855949,15385.0,139641.0,155026.0,72409.0,75905.0,148314.0,0.48208849314441365,0.4856613806855949,0.34661813336076003,0.24483873204327772,0.40843769085275106
bihar,Bhojpur,3136,10115,106,13357,75.72808265329041,10707.0,131634.0,142341.0,39485.0,57511.0,96996.0,0.3057202371414837,0.7572808265329042,0.3182561100763997,0.16012229225339325,0.3919979700987039
bihar,Buxar,2528,4648,64,7240,64.19889502762432,7052.0,66850.0,73902.0,24831.0,32197.0,57028.0,0.16570146725570536,0.6419889502762431,0.16523533659919554,0.094142584051162,0.27036833523862913
bihar,Darbhanga,10017,5677,71,15765,36.01014906438313,12315.0,141613.0,153928.0,93323.0,117057.0,210380.0,0.3608396090370133,0.3601014906438313,0.344163147033111,0.3472981137806597,0.35461148798666664
bihar,East Champaran,10147,18371,805,29323,62.65047914606282,18227.0,229801.0,248028.0,95935.0,116199.0,212134.0,0.6711836473092682,0.6265047914606282,0.554558605531992,0.35019364040662837,0.5724909236111251
bihar,Gaya,6722,20244,435,27401,73.88051530966024,19945.0,175229.0,195174.0,85898.0,99274.0,185172.0,0.6271888662531188,0.7388051530966024,0.4363838811589861,0.3056844107091564,0.5526310498363707
bihar,Gopalganj,5303,9649,196,15148,63.698177977290726,8025.0,97842.0,105867.0,46818.0,56666.0,103484.0,0.34671641449401425,0.6369817797729073,0.23670495223061666,0.17083276930543678,0.3621037343233425
bihar,Jamui,5193,5029,160,10382,48.439607012136385,5423.0,61497.0,66920.0,46558.0,35599.0,82157.0,0.237622175933344,0.4843960701213639,0.14962448547019247,0.13562587286756184,0.26131685077456224
bihar,Jehanabad,915,3827,141,4883,78.37395044030309,4393.0,41968.0,46361.0,15681.0,21749.0,37430.0,0.11174949069517247,0.783739504403031,0.10365721414948587,0.061789943905362174,0.2681366294550377
bihar,Kaimur (Bhabua),3033,4707,85,7825,60.15335463258786,5463.0,61555.0,67018.0,37550.0,40607.0,78157.0,0.17909217845125552,0.6015335463258786,0.14984360082548356,0.12902261944460036,0.2688388930934259
bihar,Katihar,11332,4903,115,16350,29.987767584097856,11847.0,168447.0,180294.0,98243.0,119037.0,217280.0,0.3742303202325635,0.2998776758409786,0.4031141210903001,0.3586887259352683,0.35831060044675556
bihar,Khagaria,4348,3779,69,8196,46.10785749145925,7370.0,68254.0,75624.0,39283.0,40621.0,79904.0,0.1875844072607412,0.4610785749145925,0.16908550641359588,0.13190659037707878,0.24112260562804244
bihar,Kishanganj,6957,1782,25,8764,20.333181195801004,6372.0,138769.0,145141.0,57815.0,83464.0,141279.0,0.20058598667795913,0.20333181195801003,0.3245165487990019,0.2332252600856442,0.23258641010371742
bihar,Lakhisarai,2664,3423,68,6155,55.61332250203087,4081.0,44802.0,48883.0,22610.0,26887.0,49497.0,0.14086570375626617,0.5561332250203087,0.10929608074177255,0.08171030866908126,0.22653758045194108
bihar,Madhepura,4571,4417,39,9027,48.93098482330785,6595.0,85266.0,91861.0,51666.0,65571.0,117237.0,0.20660608418980475,0.48930984823307855,0.20538934339177153,0.19353640538693415,0.2744247412804424
bihar,Madhubani,12598,12534,798,25930,48.33783262630158,13587.0,168104.0,181691.0,110514.0,127621.0,238135.0,0.5935175223750773,0.4833783262630158,0.40623763283868414,0.3931164384692338,0.48844652865861454
bihar,Monghyr,29,20,0,49,40.816326530612244,2.0,280.0,282.0,5.0,94.0,99.0,0.0010987250211733468,0.40816326530612246,0.0006305156142049354,0.00016343052221829695,0.10258415931122594
bihar,Munger,2445,3534,108,6087,58.05815672745195,4129.0,51818.0,55947.0,21620.0,28851.0,50471.0,0.13930917664293727,0.5805815672745195,0.12509027329050895,0.08331820087757238,0.23558529847727416
bihar,Muzaffarpur,14087,14103,665,28855,48.87541154046093,15939.0,190978.0,206917.0,93075.0,115469.0,208544.0,0.660471078352828,0.48875411540460934,0.4626397139873852,0.3442672204595204,0.5147347931640233
bihar,Nalanda,3676,10763,136,14575,73.84562607204117,11812.0,141231.0,153043.0,51140.0,66262.0,117402.0,0.3336003845537574,0.7384562607204117,0.34218440122257426,0.1938087895906313,0.40857283793655913
bihar,Nawada,2742,12380,291,15413,80.32180626743659,6895.0,79623.0,86518.0,38447.0,47798.0,86245.0,0.3527822922150754,0.8032180626743659,0.19344308478646313,0.1423743978658285,0.3914418144743262
bihar,Pashchim Champaran,5060,10737,562,16359,65.63359618558592,23.0,1097.0,1120.0,40.0,313.0,353.0,0.37443633117403347,0.6563359618558592,0.0025041754890408785,0.0005827371145763517,0.29575408889559995
bihar,Patna,6745,17151,748,24644,69.59503327381918,20931.0,222841.0,243772.0,93322.0,115692.0,209014.0,0.5640808478494747,0.6959503327381918,0.5450427386736366,0.3450431027367184,0.5494330482139351
bihar,Purba Champaran,61,66,0,127,51.96850393700787,19.0,915.0,934.0,27.0,237.0,264.0,0.0028841531805800353,0.5196850393700787,0.0020883034881823037,0.0004358147259154585,0.13143553709854225
bihar,Purbi Champaran,4000,10071,800,14871,67.72241274964696,0.0,0.0,0.0,0.0,0.0,0.0,0.3403758555176597,0.6772241274964697,0.0,0.0,0.2884375813052983
bihar,Purnea,169,88,0,257,34.24124513618677,102.0,2704.0,2806.0,1027.0,3927.0,4954.0,0.0058598667795911824,0.3424124513618677,0.006273853948436344,0.00817812936433781,0.09054446287587867
bihar,Purnia,12195,7721,184,20100,38.41293532338309,9447.0,133927.0,143374.0,106033.0,122518.0,228551.0,0.4600682125117312,0.3841293532338309,0.3205657647908454,0.37729504326781804,0.3966283742992963
bihar,Rohtas,2741,5120,78,7939,64.49174959062854,10462.0,107283.0,117745.0,50054.0,61656.0,111710.0,0.18170165037654223,0.6449174959062854,0.26326262764028413,0.1844123599697571,0.31435994913036935
bihar,Saharsa,6281,6577,205,13063,50.34831202633392,6443.0,74734.0,81177.0,42412.0,77454.0,119866.0,0.298990546386797,0.5034831202633392,0.18150129792309944,0.1978763936991756,0.3063930096256688
bihar,Samastipur,11289,7787,131,19207,40.542510543031185,15445.0,186847.0,202292.0,93161.0,107004.0,200165.0,0.43962734909698536,0.40542510543031185,0.4522988107402298,0.3304350553517718,0.4117726217599232
bihar,Samstipur,41,41,0,82,50.0,10.0,438.0,448.0,13.0,182.0,195.0,0.0018540984732300226,0.5,0.0010016701956163513,0.0003219086043693728,0.12591365022562762
bihar,Saran,7592,16407,219,24218,67.74713023371046,14788.0,155057.0,169845.0,63026.0,85477.0,148503.0,0.5543296632865612,0.6774713023371046,0.37975150530013213,0.24515073576751265,0.4883636559481015
bihar,Sheikhpura,1244,1934,21,3199,60.45639262269459,2326.0,25762.0,28088.0,16884.0,23539.0,40423.0,0.07320255453567423,0.6045639262269459,0.06280114387158946,0.06673082827909312,0.20266827007435895
bihar,Sheikpura,11,18,0,29,62.06896551724138,1.0,177.0,178.0,5.0,128.0,133.0,0.0006409229290177856,0.6206896551724138,0.000397985033079711,0.00021955817631346964,0.15552024546013832
bihar,Sheohar,2067,1184,11,3262,36.29675045984059,2482.0,28998.0,31480.0,12986.0,19696.0,32682.0,0.07464463112596424,0.3629675045984059,0.07038521820982754,0.05395188209230688,0.14173491710411584
bihar,Sitamarhi,20679,18856,2697,42232,44.64860769085054,12645.0,157203.0,169848.0,84925.0,97075.0,182000.0,0.9666720076910751,0.4464860769085054,0.37975821291304923,0.30044803074474796,0.585997970650562
bihar,Siwan,6149,9025,137,15311,58.944549670171774,10600.0,113122.0,123722.0,52907.0,72897.0,125804.0,0.35044750154508203,0.5894454967017178,0.2766264284420675,0.20767892340556193,0.36687907008573406
bihar,Supaul,5691,4563,157,10411,43.82864278167323,6449.0,100462.0,106911.0,47023.0,65347.0,112370.0,0.2382859889669696,0.4382864278167323,0.23903920152575833,0.18550189678454573,0.27787992275468326
bihar,Vaishali,8257,9698,52,18007,53.85683345365692,12462.0,143132.0,155594.0,72298.0,95862.0,168160.0,0.4121592235676517,0.5385683345365692,0.3478881080730593,0.27760077390130117,0.4039955882776925
bihar,West Champaran,11585,18070,783,30438,59.3665812471253,17311.0,216078.0,233389.0,75467.0,91350.0,166817.0,0.6967061139469407,0.593665812471253,0.5218276903676442,0.2753837315645418,0.5517058773856797
chandigarh,Chandigarh,2473,211,36,2720,7.757352941176471,13132.0,70204.0,83336.0,49166.0,25296.0,74462.0,0.062238194428548534,0.07757352941176471,0.18632854335242022,0.12292286409513968,0.10302703189244515
chandigarh,Rupnagar,3,0,0,3,0.0,1.0,19.0,20.0,3.0,11.0,14.0,4.578020921555612e-05,0.0,4.4717419447158544e-05,2.3111386980365225e-05,2.9588834510949396e-05
chhattisgarh,Balod,1603,71,4,1678,4.231227651966627,5704.0,54030.0,59734.0,26841.0,54374.0,81215.0,0.0383867054272438,0.04231227651966627,0.13355751666282842,0.1340708066864544,0.07753908069930847
chhattisgarh,Baloda Bazar,4349,562,33,4944,11.367313915857604,8282.0,107988.0,116270.0,53691.0,87056.0,140747.0,0.11314578707624694,0.11367313915857605,0.2599647179560562,0.23234702738039031,0.16648165933361972
chhattisgarh,Balrampur,4593,1528,69,6190,24.68497576736672,3542.0,56759.0,60301.0,20113.0,32130.0,52243.0,0.1416668574175384,0.2468497576736672,0.13482525550415536,0.08624344214394432,0.15550957904417517
chhattisgarh,Bastar,4794,1808,6,6608,27.36077481840194,9378.0,70053.0,79431.0,27648.0,66736.0,94384.0,0.15123492114358963,0.2736077481840194,0.1775974672053625,0.1558103677681994,0.18801572644097359
chhattisgarh,Bemetara,2458,302,11,2771,10.8985925658607,4199.0,54494.0,58693.0,34486.0,77224.0,111710.0,0.06340558976354521,0.108985925658607,0.13122997498060382,0.1844123599697571,0.11256690482196476
chhattisgarh,Bijapur,3601,1761,1362,6724,26.189767995240924,1137.0,11910.0,13047.0,10757.0,17127.0,27884.0,0.15389017327809187,0.26189767995240926,0.029171408576353874,0.04603127961146457,0.13437651827299815
chhattisgarh,Bilaspur,7490,1432,19,8941,16.016105581031205,12889.0,140452.0,153341.0,67405.0,127632.0,195037.0,0.20463753519353584,0.16016105581031206,0.3428506907723369,0.3219696844635352,0.24462747631749
chhattisgarh,Dakshin Bastar Dantewada,1028,172,24,1224,14.052287581699346,1408.0,4488.0,5896.0,8064.0,19147.0,27211.0,0.027994597935312563,0.14052287581699346,0.013182695253022339,0.0449202822230513,0.05654942372682249
chhattisgarh,Dantewada,584,126,0,710,17.74647887323944,699.0,1699.0,2398.0,5327.0,13601.0,18928.0,0.016229084166914643,0.1774647887323944,0.005361618591714309,0.031246595197453784,0.05736801939935235
chhattisgarh,Dhamtari,1876,89,3,1968,4.522357723577236,3073.0,41640.0,44713.0,26826.0,63452.0,90278.0,0.045024835763499436,0.04522357723577236,0.09997249878704,0.14903212812952943,0.07686551220948179
chhattisgarh,Durg,3528,520,47,4095,12.698412698412698,10565.0,66584.0,77149.0,76883.0,102968.0,179851.0,0.09371208826424336,0.12698412698412698,0.17249520964644172,0.2969004328432619,0.15842439113645765
chhattisgarh,Gariyaband,1307,229,6,1542,14.850843060959793,1307.0,26292.0,27599.0,16883.0,35205.0,52088.0,0.03527365120058598,0.14850843060959792,0.06170780296610643,0.08598756607380456,0.07901195938058678
chhattisgarh,Gaurela-pendra-marwahi,115,20,5,140,14.285714285714285,439.0,2986.0,3425.0,679.0,1610.0,2289.0,0.0031817245404811498,0.14285714285714285,0.0076578580803259005,0.0037787117712897145,0.03911520327377724
chhattisgarh,Gaurella Pendra Marwahi,623,290,70,983,29.50152594099695,0.0,0.0,0.0,0.0,0.0,0.0,0.02247808272483805,0.2950152594099695,0.0,0.0,0.08162114380618568
chhattisgarh,Janjgir - Champa,32,1,0,33,3.0303030303030303,11.0,204.0,215.0,5.0,195.0,200.0,0.0007324833474488978,0.030303030303030304,0.00048071225905695433,0.00033016267114807467,0.007994301733405696
chhattisgarh,Janjgir Champa,21,4,0,25,16.0,5.0,231.0,236.0,21.0,171.0,192.0,0.0005493625105866734,0.16,0.0005276655494764708,0.00031695616430215166,0.04036120122146106
chhattisgarh,Janjgir-champa,4066,572,1,4639,12.330243586979952,7192.0,104968.0,112160.0,51955.0,128699.0,180654.0,0.10616430517087462,0.12330243586979953,0.2507752882596651,0.2982260359679214,0.1777833806227733
chhattisgarh,Jashpur,1666,875,2,2543,34.40817931576878,8700.0,62323.0,71023.0,30250.0,44353.0,74603.0,0.05818664591297182,0.3440817931576878,0.15879826406977707,0.12315562877829907,0.16277655292857732
chhattisgarh,Kabeerdham,860,92,3,955,9.63350785340314,3034.0,24067.0,27101.0,16628.0,15889.0,32517.0,0.021837159795820266,0.09633507853403141,0.060594339221872184,0.05367949788860972,0.05458154298414133
chhattisgarh,Kanker,1426,277,2,1705,16.24633431085044,2867.0,25973.0,28840.0,19607.0,33602.0,53209.0,0.039004738251653806,0.1624633431085044,0.06448251884280262,0.08783812784558952,0.08473162350288337
chhattisgarh,Kawardha,1884,257,1,2142,11.99813258636788,4631.0,62369.0,67000.0,23941.0,36850.0,60791.0,0.04900771396525282,0.11998132586367881,0.14980335514798113,0.10035459470881303,0.09717962132511701
chhattisgarh,Khairagarh Chhuikhadan Gandai,183,63,0,246,25.609756097560975,641.0,5462.0,6103.0,132.0,903.0,1035.0,0.0056080756289056235,0.25609756097560976,0.013645520544300429,0.0017085918231912864,0.06905803918751775
chhattisgarh,Kondagaon,1975,1054,9,3038,34.69387755102041,4193.0,57771.0,61964.0,17291.0,40055.0,57346.0,0.06951724769382196,0.3469387755102041,0.13854350893118658,0.09466754269828745,0.15770794089628354
chhattisgarh,Korba,3040,489,13,3542,13.80575945793337,6101.0,77273.0,83374.0,32907.0,68967.0,101874.0,0.0810538604161421,0.1380575945793337,0.18641350644936983,0.16817495980269478,0.13380094304089607
chhattisgarh,Koriya,1258,504,1,1763,28.587634713556437,2301.0,29434.0,31735.0,19055.0,41842.0,60897.0,0.04033236431890493,0.28587634713556437,0.07095536530777882,0.10052958092452151,0.11988240354196787
chhattisgarh,Mahasamund,2773,563,25,3361,16.75096697411485,8593.0,126294.0,134887.0,30360.0,69509.0,99869.0,0.07691075148213426,0.1675096697411485,0.30158992784844374,0.16486507902443534,0.16208718182860993
chhattisgarh,Manendragarh–Chirmiri–Bharatpur,188,106,0,294,36.054421768707485,395.0,4718.0,5113.0,46.0,235.0,281.0,0.00670680065007897,0.36054421768707484,0.011432008281666082,0.0004638785529630449,0.09486261201622219
chhattisgarh,Mohalla-Manpur-Ambagarh Chowki,10,4,0,14,28.57142857142857,32.0,149.0,181.0,36.0,31.0,67.0,0.0002975713599011147,0.2857142857142857,0.0004046926459967848,0.00011060449483460501,0.07163578083270308
chhattisgarh,Mohla-Manpur-Ambagarh Chouki,162,93,4,259,35.907335907335906,3477.0,16334.0,19811.0,1060.0,3535.0,4595.0,0.005905646988806738,0.3590733590733591,0.04429483983338289,0.007585487369627015,0.10221138165502412
chhattisgarh,Mungeli,2600,355,2,2957,12.005410889414946,3835.0,66729.0,70564.0,28914.0,53653.0,82567.0,0.06766314922059194,0.12005410889414947,0.15777199929346478,0.1363027063434154,0.11251057057812058
chhattisgarh,Narayanpur,448,306,8,762,40.15748031496063,2057.0,14708.0,16765.0,7156.0,15017.0,22173.0,0.0174193696065191,0.4015748031496063,0.037484376851580646,0.03660348453683129,0.12130805242736564
chhattisgarh,Raigarh,4294,625,37,4956,12.610976594027443,5194.0,78242.0,83436.0,39625.0,135001.0,174626.0,0.11342046833154026,0.12610976594027443,0.18655213044965602,0.2882749330595184,0.1661900181029426
chhattisgarh,Raipur,6205,779,57,7041,11.063769350944467,12289.0,120718.0,133007.0,59735.0,132634.0,192369.0,0.16114633643875753,0.11063769350944468,0.2973864904204108,0.31756531443041985,0.20705100210109245
chhattisgarh,Rajnandgaon,3791,371,23,4185,8.86499402628435,10303.0,137815.0,148118.0,53657.0,100841.0,154498.0,0.09577219767894339,0.08864994026284351,0.33117273668371144,0.2550473618351762,0.17292677395711858
chhattisgarh,Sakti,373,80,2,455,17.582417582417584,967.0,8718.0,9685.0,644.0,3380.0,4024.0,0.010392107491931236,0.17582417582417584,0.021654410367286523,0.006642872943499262,0.053252738240377046
chhattisgarh,Sarangarh-Bilaigarh,159,24,3,186,12.903225806451612,622.0,7433.0,8055.0,113.0,930.0,1043.0,0.00423466935243894,0.12903225806451613,0.018009940682343104,0.0017217983300372092,0.03768654659195872
chhattisgarh,Sukma,1256,804,119,2179,36.89765947682423,1509.0,11237.0,12746.0,13922.0,16217.0,30139.0,0.049854647835740604,0.3689765947682423,0.028498411413674138,0.04975386372865911,0.12534373046303643
chhattisgarh,Surajpur,2250,720,7,2977,24.185421565334227,3394.0,38673.0,42067.0,24586.0,47236.0,71822.0,0.0681209513127475,0.24185421565334228,0.09405638419418091,0.11856471683598509,0.12683010707883038
chhattisgarh,Surguja,2866,679,11,3556,19.094488188976378,9129.0,106554.0,115683.0,30222.0,52638.0,82860.0,0.081374321880651,0.19094488188976377,0.2586522616952821,0.13678639465664733,0.15530496440105468
chhattisgarh,Uttar Bastar Kanker,718,162,8,888,18.243243243243242,1113.0,12455.0,13568.0,7038.0,23263.0,30301.0,0.020303522787099137,0.18243243243243243,0.030336297352952356,0.05002129549228905,0.06878585965264108
dadra and nagar haveli,Dadra & Nagar Haveli,22,3,0,25,12.0,32.0,203.0,235.0,72.0,481.0,553.0,0.0005493625105866734,0.12,0.0005254296785041129,0.0009128997857244264,0.030479942771551045
dadra and nagar haveli,Dadra and Nagar Haveli,669,71,4,744,9.543010752688172,1310.0,4723.0,6033.0,10791.0,16444.0,27235.0,0.017007347723579095,0.09543010752688172,0.013489009576235375,0.04495990174358907,0.041499880848938
dadra and nagar haveli and daman and diu,Dadra and Nagar Haveli,70,10,8,88,11.363636363636363,145.0,1544.0,1689.0,550.0,1428.0,1978.0,0.001991439100876691,0.11363636363636363,0.003776386072312539,0.003265308817654458,0.03051443357239115
dadra and nagar haveli and daman and diu,Daman,49,5,9,63,7.936507936507936,107.0,1580.0,1687.0,190.0,331.0,521.0,0.0014191864856822397,0.07936507936507936,0.003771914330367823,0.0008600737583407344,0.021264382729000334
dadra and nagar haveli and daman and diu,Diu,12,6,4,22,27.27272727272727,54.0,310.0,364.0,13.0,20.0,33.0,0.00048069219676333914,0.2727272727272727,0.0008138570339382854,5.4476840739432315e-05,0.06852372722562088
daman and diu,Daman,55,12,0,67,17.91044776119403,187.0,1294.0,1481.0,2771.0,2674.0,5445.0,0.0015107469041133518,0.1791044776119403,0.00331132491006209,0.008988678722006333,0.047764881545838425
daman and diu,Diu,72,2,0,74,2.7027027027027026,88.0,627.0,715.0,1975.0,1528.0,3503.0,0.0016709776363677982,0.02702702702702703,0.0015986477452359178,0.005782799185158527,0.008817888315564376
delhi,Central Delhi,2761,993,193,3947,25.158348112490497,4432.0,44615.0,49047.0,23688.0,30372.0,54060.0,0.09032435278229221,0.251583481124905,0.10966276358123925,0.08924297001132458,0.13429054047354128
delhi,East Delhi,8055,2458,223,10736,22.894932935916543,24960.0,162101.0,187061.0,53829.0,68976.0,122805.0,0.24572527296449745,0.22894932935916543,0.4182442599602462,0.20272813415169655,0.267435656699754
delhi,Najafgarh,21,9,0,30,30.0,9.0,186.0,195.0,51.0,794.0,845.0,0.0006638130336255636,0.3,0.0004359948396097958,0.0013949372856006154,0.07559852098681104
delhi,New Delhi,918,502,217,1637,30.6658521686011,547.0,3514.0,4061.0,2501.0,2062.0,4563.0,0.0374482111383249,0.306658521686011,0.009079872018745543,0.0075326613422433235,0.09309401099211424
delhi,North Delhi,3148,1230,81,4459,27.584660237721465,9317.0,77583.0,86900.0,25642.0,35188.0,60830.0,0.10204408634147458,0.27584660237721464,0.19429718749790387,0.1004189764296869,0.1636203135993379
delhi,North East,1328,408,2,1738,23.475258918296895,360.0,11467.0,11827.0,2393.0,44227.0,46620.0,0.039760111703710486,0.23475258918296896,0.026443645990077203,0.0769609186446162,0.0932850993189796
delhi,North East   *,2,0,0,2,0.0,0.0,0.0,0.0,0.0,0.0,0.0,2.2890104607778056e-05,0.0,0.0,0.0,8.011536612722319e-06
delhi,North East Delhi,8299,3749,65,12113,30.950218773218857,25389.0,115759.0,141148.0,77278.0,65818.0,143096.0,0.2772449470094078,0.30950218773218857,0.3155887160063767,0.23622478795302446,0.2847739791782201
delhi,North West Delhi,12395,3293,355,16043,20.526086143489373,39744.0,274245.0,313989.0,133575.0,191718.0,325293.0,0.3672030581179756,0.20526086143489372,0.7020388907396932,0.5369980289288533,0.42764366963372424
delhi,Shahdara,1121,515,64,1700,30.294117647058822,4681.0,23863.0,28544.0,2658.0,5305.0,7963.0,0.03889028772861492,0.3029411764705882,0.06382070103498468,0.013145426751760593,0.10474012038001135
delhi,South Delhi,10138,2780,477,13395,20.754012691302727,20329.0,193160.0,213489.0,96661.0,126275.0,222936.0,0.3065900611165793,0.20754012691302726,0.4773338580177215,0.36802572627533586,0.32826346997767103
delhi,South East Delhi,46,9,5,60,15.0,124.0,1045.0,1169.0,239.0,343.0,582.0,0.0013505161718589053,0.15,0.002613733166686417,0.0009607733730408973,0.03868758196809608
delhi,South West Delhi,6951,1945,359,9255,21.015667206915182,19940.0,149759.0,169699.0,66558.0,74969.0,141527.0,0.21182502804037814,0.21015667206915184,0.3794250681381679,0.23363466179786782,0.24928987381862744
delhi,West Delhi,14000,4405,1009,19414,22.68981147625425,25703.0,206102.0,231805.0,71164.0,102078.0,173242.0,0.4443656007507954,0.22689811476254249,0.5182860707474293,0.2859902073751737,0.37310774457793466
goa,Bardez,2,0,0,2,0.0,2.0,29.0,31.0,9.0,31.0,40.0,2.2890104607778056e-05,0.0,6.931200014309574e-05,6.603253422961493e-05,3.508044348726445e-05
goa,North Goa,1109,146,99,1354,10.782865583456426,1713.0,17130.0,18843.0,18320.0,19451.0,37771.0,0.03097031153432371,0.10782865583456426,0.04213051673214042,0.06235287125966964,0.05869345059401638
goa,South Goa,805,108,64,977,11.05424769703173,1560.0,14678.0,16238.0,15915.0,14669.0,30584.0,0.022340742097191384,0.1105424769703173,0.03630607284914802,0.05048847567196357,0.05281378868081863
gujarat,Ahmadabad,4105,2322,240,6667,34.82825858707065,320.0,7440.0,7760.0,958.0,14724.0,15682.0,0.15258543731544855,0.3482825858707065,0.017350358745497514,0.025888055044720533,0.1491232322861272
gujarat,Ahmedabad,12844,5679,607,19130,29.686356508102456,31732.0,236152.0,267884.0,165891.0,239599.0,405490.0,0.43786481104218644,0.29686356508102457,0.598954059559131,0.669388307619164,0.4811370485706804
gujarat,Amreli,3460,587,246,4293,13.67342184952248,2578.0,25310.0,27888.0,33978.0,34536.0,68514.0,0.09824432897658342,0.1367342184952248,0.06235396967711787,0.11310382625519594,0.10366062895207316
gujarat,Anand,5616,828,536,6980,11.862464183381089,3523.0,35626.0,39149.0,50966.0,62729.0,113695.0,0.15975004005768306,0.1186246418338109,0.08753211269684048,0.18768922448090175,0.14061294191419024
gujarat,Arvalli,1952,322,117,2391,13.467168548724384,1810.0,6286.0,8096.0,19089.0,10580.0,29669.0,0.054707350012589556,0.13467168548724384,0.01810161139220978,0.048977981451461136,0.06623141244495148
gujarat,Banas Kantha,5997,6719,782,13498,49.777744851089054,33.0,440.0,473.0,59.0,488.0,547.0,0.30894774189118046,0.49777744851089056,0.0010575669699252996,0.0009029949055899841,0.23296818416473886
gujarat,Banaskantha,9944,5781,1635,17360,33.30069124423963,9778.0,65429.0,75207.0,74015.0,77742.0,151757.0,0.3973493258864193,0.33300691244239633,0.16815314821812263,0.25052248242709185,0.30605911829988874
gujarat,Bharuch,3745,508,98,4351,11.675476901861641,6975.0,42831.0,49806.0,38361.0,38017.0,76378.0,0.09957195504383455,0.11675476901861641,0.11135978964925891,0.12608582248473824,0.11152799894679563
gujarat,Bhavnagar,8420,1309,445,10174,12.8661293493218,6530.0,51332.0,57862.0,65784.0,75368.0,141152.0,0.23286103417492618,0.128661293493218,0.12937196620257438,0.23301560678946517,0.1861441999329366
gujarat,Botad,2302,474,171,2947,16.084153376314898,1463.0,6082.0,7545.0,10356.0,5900.0,16256.0,0.06743424817451416,0.160841533763149,0.01686964648644056,0.026835621910915507,0.07255342398133842
gujarat,Chhotaudepur,2215,1303,589,4107,31.726320915510104,1857.0,7774.0,9631.0,18603.0,15199.0,33802.0,0.0939867695195367,0.31726320915510103,0.021533673334779197,0.0558007930507361,0.12767806489771616
gujarat,Dahod,5341,3891,1277,10509,37.02540679417642,4796.0,31140.0,35936.0,60236.0,55439.0,115675.0,0.24052921921853182,0.3702540679417642,0.08034825926265447,0.1909578349252677,0.23100996254951162
gujarat,Dang,531,179,162,872,20.527522935779814,0.0,0.0,0.0,0.0,0.0,0.0,0.019937281113374686,0.20527522935779816,0.0,0.0,0.05829685572913068
gujarat,Devbhumi Dwarka,1845,422,223,2490,16.947791164658636,835.0,5751.0,6586.0,17817.0,7647.0,25464.0,0.056973470368759584,0.16947791164658635,0.014725446223949308,0.042036311290572864,0.07366254404361687
gujarat,Dohad,5003,7330,670,13003,56.37160655233407,315.0,4897.0,5212.0,2168.0,13548.0,15716.0,0.2976171401103303,0.5637160655233407,0.011653359507929516,0.025944182698815706,0.2526145238607998
gujarat,Gandhinagar,4075,837,738,5650,14.814159292035397,6930.0,57658.0,64588.0,33686.0,42878.0,76564.0,0.12930620092933826,0.14814159292035398,0.1444104343626538,0.12639287376890593,0.13645323018166883
gujarat,Gir Somnath,4375,975,373,5723,17.036519308055215,2323.0,9743.0,12066.0,23900.0,12866.0,36766.0,0.13097717856570606,0.17036519308055215,0.02697801915247075,0.06069380383715056,0.10596767536605942
gujarat,Jamnagar,4998,799,281,6078,13.145771635406383,4166.0,41553.0,45719.0,40890.0,40212.0,81102.0,0.13910316570146727,0.13145771635406384,0.10222178498523207,0.13388426477725576,0.12877174703652708
gujarat,Junagadh,4876,568,92,5536,10.260115606936417,3875.0,34170.0,38045.0,33995.0,68677.0,102672.0,0.12669672900405154,0.10260115606936417,0.08506371114335734,0.16949230886057562,0.12090534816954568
gujarat,Kachchh,6176,2605,521,9302,28.004730165555795,7742.0,59047.0,66789.0,67370.0,56591.0,123961.0,0.21290086295694371,0.28004730165555797,0.1493315863728136,0.2046364743909324,0.215320739601569
gujarat,Kheda,5826,1224,517,7567,16.175498876701468,5991.0,46628.0,52619.0,49735.0,67426.0,117161.0,0.17318653146244878,0.1617549887670147,0.11764929469450176,0.19341094357189786,0.16326608085689065
gujarat,Mahesana,5289,908,293,6490,13.990755007704161,6530.0,43687.0,50217.0,42954.0,56959.0,99913.0,0.1485338887998718,0.13990755007704161,0.11227873261889802,0.1649377148120879,0.14240703808541272
gujarat,Mahisagar,2036,397,130,2563,15.489660554038236,918.0,6589.0,7507.0,18042.0,12910.0,30952.0,0.05864444800512738,0.15489660554038237,0.01678468338949096,0.051095974986876035,0.07282583986216358
gujarat,Morbi,5548,1803,653,8004,22.52623688155922,3044.0,16755.0,19799.0,21440.0,10439.0,31879.0,0.1831895071760478,0.22526236881559222,0.0442680093817146,0.05262627896764736,0.1398107773853872
gujarat,Narmada,1155,96,29,1280,7.5,2729.0,12028.0,14757.0,15333.0,23865.0,39198.0,0.029276443793348133,0.075,0.03299474793908593,0.06470858191831115,0.04853742129915127
gujarat,Navsari,2453,201,103,2757,7.290533188248095,5085.0,24517.0,29602.0,24168.0,21384.0,45552.0,0.06308512829903633,0.07290533188248095,0.06618625252373936,0.07519784998068549,0.06858294837616793
gujarat,Panch Mahals,858,444,100,1402,31.669044222539227,15.0,402.0,417.0,22.0,305.0,327.0,0.03206903655549705,0.3166904422253923,0.0009323581954732556,0.000539815967327102,0.09069120818333211
gujarat,Panchmahals,4828,1122,329,6279,17.869087434304827,3200.0,29270.0,32470.0,39189.0,65579.0,104768.0,0.14370407672763066,0.17869087434304828,0.07259873047246189,0.17295241365420744,0.14407937426576667
gujarat,Patan,6023,2228,716,8967,24.846659975465595,3100.0,26459.0,29559.0,35135.0,38814.0,73949.0,0.20523267791333807,0.24846659975465596,0.06609011007192797,0.12207599684364487,0.17158130859144688
gujarat,Porbandar,2006,332,181,2519,13.17983326716951,1801.0,12822.0,14623.0,14257.0,16728.0,30985.0,0.057637283402385144,0.1317983326716951,0.03269514122878997,0.05115045182761547,0.06989175097003966
gujarat,Rajkot,12419,3732,919,17070,21.86291739894552,10174.0,127426.0,137600.0,79522.0,89189.0,168711.0,0.39071119555016365,0.2186291739894552,0.3076558457964508,0.2785103720603141,0.3086394555112741
gujarat,Sabar Kantha,1083,1197,157,2437,49.117767747230204,41.0,602.0,643.0,59.0,558.0,617.0,0.05576029482454734,0.49117767747230207,0.0014376650352261472,0.0010185518404918104,0.14280176593181068
gujarat,Sabarkantha,3603,1173,339,5115,22.932551319648095,5607.0,38270.0,43877.0,37100.0,53287.0,90387.0,0.11705999496417697,0.22932551319648095,0.09810331065414876,0.14921206678530513,0.14776545202447297
gujarat,Surat,18412,6399,658,25469,25.12466135301739,35198.0,322384.0,357582.0,138828.0,142771.0,281599.0,0.5829651841508916,0.2512466135301739,0.7995072140376923,0.4648673901631334,0.5197243886755207
gujarat,Surendra Nagar,4853,1665,337,6855,24.288840262582056,3636.0,35123.0,38759.0,44699.0,51012.0,95711.0,0.1568887769817108,0.24288840262582057,0.0866601230176209,0.15800099709126686,0.16456539662183148
gujarat,Surendranagar,771,593,78,1442,41.123439667128984,19.0,894.0,913.0,46.0,481.0,527.0,0.032984640739808176,0.41123439667128986,0.0020413501977627874,0.0008699786384751767,0.11493548919400293
gujarat,Tapi,1856,205,151,2212,9.267631103074141,2645.0,9545.0,12190.0,16731.0,23294.0,40025.0,0.050610021287797284,0.0926763110307414,0.02725526715304313,0.06607380456350843,0.05954839955172471
gujarat,The Dangs,1068,186,74,1328,14.006024096385541,1477.0,5104.0,6581.0,12787.0,15163.0,27950.0,0.03037516881452148,0.14006024096385541,0.014714266869087519,0.046140233292943436,0.057817269358452564
gujarat,Vadodara,9306,2433,545,12284,19.8062520351677,10942.0,89085.0,100027.0,72719.0,128698.0,201417.0,0.2811591548973379,0.19806252035167698,0.2236474657520464,0.33250187367315875,0.25915120218702853
gujarat,Valsad,5818,1406,224,7448,18.877551020408163,8741.0,39602.0,48343.0,39767.0,44257.0,84024.0,0.1704626090141232,0.18877551020408162,0.10808871041669928,0.13870794140272913,0.1562151210698492
haryana,Ambala,3063,122,33,3218,3.791174642635177,3958.0,29284.0,33242.0,26591.0,46165.0,72756.0,0.073637466523222,0.03791174642635177,0.07432482286312221,0.1201065765102466,0.0741373297643894
haryana,Bhiwani,3321,152,16,3489,4.356549154485526,4004.0,30276.0,34280.0,37865.0,57760.0,95625.0,0.07984068487192986,0.04356549154485526,0.07664565693242974,0.1578590271426732,0.08573654940640985
haryana,Charkhi Dadri,839,19,0,858,2.2144522144522143,1698.0,10397.0,12095.0,3023.0,6765.0,9788.0,0.019616819648865795,0.022144522144522144,0.02704285941066913,0.016158161125986774,0.021042221520564744
haryana,Faridabad,12607,3225,323,16155,19.96285979572888,19754.0,140801.0,160555.0,58976.0,59975.0,118951.0,0.3697667498340467,0.1996285979572888,0.358980263966927,0.19636589947867314,0.2903947446203586
haryana,Fatehabad,2510,92,10,2612,3.522205206738132,4592.0,37378.0,41970.0,29864.0,39930.0,69794.0,0.05976606313090851,0.03522205206738132,0.0938395047098622,0.11521686735054361,0.07153490952474448
haryana,Gurgaon,5417,1247,197,6861,18.175193120536363,13524.0,105689.0,119213.0,35245.0,35546.0,70791.0,0.15702611760935747,0.18175193120536365,0.26654488622770556,0.11686272826621677,0.17707864686340052
haryana,Gurugram,1804,625,207,2636,23.710166919575112,0.0,0.0,0.0,0.0,0.0,0.0,0.060315425641495175,0.23710166919575112,0.0,0.0,0.08038581627346109
haryana,Hisar,4927,289,18,5234,5.521589606419564,6665.0,56541.0,63206.0,53323.0,62544.0,115867.0,0.11978391741250256,0.05521589606419564,0.14132046067885515,0.19127479108956982,0.12224739546410981
haryana,Jhajjar,2515,99,10,2624,3.7728658536585367,3763.0,28621.0,32384.0,24917.0,31722.0,56639.0,0.06004074438620184,0.037728658536585365,0.07240644556883911,0.093500417655779,0.0636277978142406
haryana,Jhajjar *,0,1,0,1,100.0,0.0,0.0,0.0,0.0,0.0,0.0,0.0,1.0,0.0,0.0,0.25
haryana,Jind,3729,92,0,3821,2.4077466631771784,4923.0,39090.0,44013.0,34877.0,56391.0,91268.0,0.08744019960171218,0.024077466631771786,0.09840738910638945,0.1506664333517124,0.08643820101016259
haryana,Kaithal,2894,85,12,2991,2.841858910063524,4992.0,34982.0,39974.0,34402.0,45534.0,79936.0,0.06844141277725639,0.02841858910063524,0.08937670624903578,0.1319594164044625,0.0753263662778982
haryana,Karnal,3861,179,8,4048,4.421936758893281,6828.0,42303.0,49131.0,32424.0,61595.0,94019.0,0.09263625334767779,0.044219367588932815,0.10985057674291732,0.15520782089335416,0.09648921009617473
haryana,Kurukshetra,2315,78,11,2404,3.24459234608985,3517.0,25192.0,28709.0,23358.0,46634.0,69992.0,0.05500492137249067,0.0324459234608985,0.06418961974542373,0.1155437283949802,0.06330987297367714
haryana,Mahendragarh,2575,155,24,2754,5.628177196804648,3104.0,25430.0,28534.0,20501.0,28331.0,48832.0,0.06301645798521299,0.056281771968046485,0.06379834232526109,0.08061251778751391,0.06500837530939117
haryana,Mewat,6989,550,19,7558,7.2770574225985705,6364.0,60303.0,66667.0,38268.0,30057.0,68325.0,0.1729805205209788,0.0727705742259857,0.14905881011418592,0.11279182253096101,0.1311059522678684
haryana,Nuh,1251,213,42,1506,14.143426294820719,0.0,0.0,0.0,0.0,0.0,0.0,0.03444960743470597,0.14143426294820718,0.0,0.0,0.04741592833919889
haryana,Palwal,4367,332,4,4703,7.059323835849458,7265.0,61703.0,68968.0,30617.0,28080.0,58697.0,0.10762927186577242,0.07059323835849458,0.15420354922158153,0.0968977915418927,0.10553882289533884
haryana,Panchkula,1287,92,5,1384,6.6473988439306355,5417.0,29001.0,34418.0,18303.0,19066.0,37369.0,0.03165701467255705,0.06647398843930635,0.07695420712661513,0.061689244290662006,0.05542714252867699
haryana,Panipat,5498,543,47,6088,8.919185282522996,9431.0,59653.0,69084.0,31426.0,48347.0,79773.0,0.13933206674754503,0.08919185282522996,0.15446291025437503,0.1316903338274768,0.1282948353843186
haryana,Rewari,2329,150,6,2485,6.036217303822937,6191.0,37840.0,44031.0,24987.0,24745.0,49732.0,0.05685901984572069,0.060362173038229376,0.09844763478389189,0.08209824980768024,0.07110037712387401
haryana,Rohtak,3161,191,61,3413,5.596249633753296,4152.0,22379.0,26531.0,25700.0,50270.0,75970.0,0.07810103692173873,0.05596249633753297,0.05931989276762816,0.12541229063559617,0.07827242368763666
haryana,Sirsa,3135,198,2,3335,5.93703148425787,4976.0,50186.0,55162.0,40642.0,56424.0,97066.0,0.07631560876233204,0.05937031484257871,0.12333511457720797,0.16023784918829506,0.0982676345305615
haryana,Sonipat,4314,268,37,4619,5.802121671357437,7748.0,52916.0,60664.0,34624.0,50029.0,84653.0,0.10570650307871907,0.05802121671357437,0.1356368766671213,0.1397463030034898,0.10657921619006748
haryana,Yamuna Nagar,3278,110,8,3396,3.239104829210836,6421.0,46460.0,52881.0,33592.0,55136.0,88728.0,0.0777119051434065,0.032391048292108364,0.11823509288925954,0.14647336742813183,0.08823862093669765
haryana,Yamunanagar,56,3,0,59,5.084745762711865,27.0,401.0,428.0,142.0,740.0,882.0,0.0013276260672511273,0.050847457627118654,0.0009569527761691928,0.0014560173797630092,0.013659127561503998
himachal pradesh,Bilaspur,985,14,0,999,1.4014014014014013,932.0,5828.0,6760.0,9673.0,12233.0,21906.0,0.0228443243985625,0.014014014014014014,0.015114487773139586,0.03616271737084862,0.02175445807179802
himachal pradesh,Chamba,1586,64,7,1657,3.862401931200966,3354.0,16304.0,19658.0,16275.0,17567.0,33842.0,0.03790601323048046,0.03862401931200966,0.043952751574612134,0.05586682558496571,0.04288702489058615
himachal pradesh,Hamirpur,1181,16,1,1198,1.335559265442404,883.0,6437.0,7320.0,11206.0,12613.0,23819.0,0.02739945521551033,0.01335559265442404,0.016366575517660027,0.039320723320379954,0.024066167256642623
himachal pradesh,Kangra,3869,75,22,3966,1.8910741301059002,3693.0,30434.0,34127.0,44703.0,45210.0,89913.0,0.09075926476983999,0.018910741301059002,0.07630356867365898,0.1484295812546842,0.08144005798037737
himachal pradesh,Kinnaur,137,21,5,163,12.883435582822086,141.0,1028.0,1169.0,2221.0,2246.0,4467.0,0.0037081969464600453,0.12883435582822086,0.002613733166686417,0.0073741832600922475,0.03550404117367196
himachal pradesh,Kullu,1022,111,106,1239,8.958837772397095,1211.0,8391.0,9602.0,11409.0,9839.0,21248.0,0.028337949504429232,0.08958837772397095,0.021468833076580818,0.03507648218277145,0.04362443980941342
himachal pradesh,Lahaul and Spiti,3,0,0,3,0.0,15.0,44.0,59.0,15.0,32.0,47.0,4.578020921555612e-05,0.0,0.0001319163873691177,7.758822771979754e-05,5.792399624322769e-05
himachal pradesh,Lahul & Spiti,36,2,0,38,5.263157894736842,6.0,271.0,277.0,110.0,485.0,595.0,0.0008469338704877881,0.05263157894736842,0.0006193362593431458,0.0009822339466655221,0.013774635632714565
himachal pradesh,Lahul and Spiti,31,1,0,32,3.125,70.0,163.0,233.0,557.0,208.0,765.0,0.0007095932428411197,0.03125,0.000520957936559397,0.0012628722171413856,0.008417623665734548
himachal pradesh,Mandi,2460,43,11,2514,1.7104216388225937,2289.0,14016.0,16305.0,28869.0,34465.0,63334.0,0.05752283287934626,0.017104216388225936,0.036455876204296,0.1045526130724608,0.052610743460179035
himachal pradesh,Shimla,1488,161,21,1670,9.640718562874252,1841.0,13901.0,15742.0,19863.0,19864.0,39727.0,0.038203584590381576,0.09640718562874252,0.03519708084685849,0.0655818621834978,0.05762883961989044
himachal pradesh,Sirmaur,1510,67,7,1584,4.22979797979798,2634.0,16784.0,19418.0,15275.0,16178.0,31453.0,0.03623503559411266,0.0422979797979798,0.043416142541246226,0.05192303247810196,0.04232459241130403
himachal pradesh,Solan,1105,65,6,1176,5.5272108843537415,1260.0,7723.0,8983.0,16252.0,17317.0,33569.0,0.026895872914139217,0.055272108843537414,0.020084828944691258,0.05541615353884859,0.03833177922754105
himachal pradesh,Una,1226,21,0,1247,1.6840417000801924,1095.0,8466.0,9561.0,15138.0,16411.0,31549.0,0.02852107034129146,0.016840417000801924,0.02137716236671414,0.052081510560253036,0.028884213455045927
jammu and kashmir,Anantnag,2978,341,35,3354,10.166964818127608,5246.0,30320.0,35566.0,26948.0,20621.0,47569.0,0.07675052074987983,0.10166964818127609,0.07952098700288203,0.07852754051921382,0.08388979981219613
jammu and kashmir,Badgam,1674,192,1,1867,10.283877878950188,892.0,11227.0,12119.0,4702.0,9439.0,14141.0,0.04271293519811385,0.10283877878950187,0.02709652031400572,0.023344151663524618,0.05074735641222139
jammu and kashmir,Bandipore,1288,308,43,1639,18.79194630872483,2600.0,13294.0,15894.0,10653.0,9720.0,20373.0,0.03749399134754046,0.18791946308724833,0.03553693323465689,0.033632020496498626,0.07393655348968235
jammu and kashmir,Bandipur,2,0,0,2,0.0,0.0,1.0,1.0,0.0,1.0,1.0,2.2890104607778056e-05,0.0,2.235870972357927e-06,1.6508133557403733e-06,8.78887347834198e-06
jammu and kashmir,Baramula,3198,532,64,3794,14.022140221402212,5160.0,31635.0,36795.0,28536.0,33399.0,61935.0,0.08682216677730217,0.14022140221402213,0.08226887242790992,0.10224312518778002,0.10234550844869927
jammu and kashmir,Budgam,793,51,15,859,5.9371362048894065,5738.0,12884.0,18622.0,18502.0,4609.0,23111.0,0.019639709753473573,0.059371362048894066,0.04163638924724932,0.038151947464515765,0.037674406268292285
jammu and kashmir,Doda,3449,1023,32,4504,22.71314387211368,1109.0,10268.0,11377.0,19429.0,17350.0,36779.0,0.10307414104882459,0.2271314387211368,0.025437504052516137,0.06071526441077519,0.11008936274003109
jammu and kashmir,Ganderbal,773,59,11,843,6.998813760379596,1034.0,6495.0,7529.0,7268.0,6428.0,13696.0,0.019273468079749122,0.06998813760379596,0.016833872550882832,0.022609539720220152,0.03213143068308178
jammu and kashmir,Jammu,3749,835,36,4620,18.073593073593074,2486.0,32630.0,35116.0,45899.0,52900.0,98799.0,0.10572939318332684,0.18073593073593075,0.07851484506532097,0.16309870873379315,0.1305119810579699
jammu and kashmir,Kargil,388,141,1,530,26.60377358490566,508.0,1548.0,2056.0,1848.0,1075.0,2923.0,0.01210886533751459,0.2660377358490566,0.004596950719167898,0.004825327438829111,0.07263199246199366
jammu and kashmir,Kathua,2643,310,9,2962,10.465901417960838,1775.0,18703.0,20478.0,23083.0,17080.0,40163.0,0.06777759974363083,0.10465901417960838,0.04578616577194563,0.06630161680660061,0.07230446997088213
jammu and kashmir,Kishtwar,1058,205,6,1269,16.15445232466509,967.0,4901.0,5868.0,10878.0,10042.0,20920.0,0.029024652642662574,0.16154452324665092,0.013120090865796316,0.03453501540208861,0.060075780490171614
jammu and kashmir,Kulgam,970,232,9,1211,19.15772089182494,2329.0,10078.0,12407.0,14367.0,11377.0,25744.0,0.027697026575411447,0.19157720891824942,0.0277404511540448,0.04249853903018017,0.07163605956780136
jammu and kashmir,Kupwara,2400,444,40,2884,15.39528432732316,7740.0,37397.0,45137.0,24776.0,24984.0,49760.0,0.06599217158422413,0.1539528432732316,0.10092050807931975,0.08214447258164097,0.0981984670049785
jammu and kashmir,Leh,163,42,1,206,20.388349514563107,291.0,1136.0,1427.0,1641.0,923.0,2564.0,0.004692471444594501,0.20388349514563106,0.003190587877554762,0.004232685444118317,0.05409789345635046
jammu and kashmir,Leh (ladakh),3,0,0,3,0.0,4.0,3.0,7.0,9.0,2.0,11.0,4.578020921555612e-05,0.0,1.565109680650549e-05,1.8158946913144105e-05,2.2785081969374562e-05
jammu and kashmir,Pulwama,1742,118,15,1875,6.293333333333333,3432.0,18055.0,21487.0,20583.0,12249.0,32832.0,0.04289605603497608,0.06293333333333333,0.04804215958305478,0.054199504095667934,0.0511952856813195
jammu and kashmir,Punch,2064,548,17,2629,20.844427538988207,4052.0,19388.0,23440.0,25884.0,20491.0,46375.0,0.06015519490924073,0.20844427538988208,0.052408815592069814,0.07655646937245981,0.0989584440586107
jammu and kashmir,Rajauri,1,1,0,2,50.0,0.0,15.0,15.0,2.0,10.0,12.0,2.2890104607778056e-05,0.5,3.353806458536891e-05,1.980976026888448e-05,0.12501868110158357
jammu and kashmir,Rajouri,2071,594,9,2674,22.213911742707555,2395.0,13413.0,15808.0,29902.0,25834.0,55736.0,0.06118524961659075,0.22213911742707557,0.03534464833103411,0.09200973319554545,0.10242049302789157
jammu and kashmir,Ramban,1317,597,6,1920,31.093749999999996,1857.0,5897.0,7754.0,21848.0,8029.0,29877.0,0.04392611074232609,0.3109375,0.01733694351966337,0.049321350629455134,0.10644017258963782
jammu and kashmir,Reasi,1136,570,9,1715,33.23615160349854,1119.0,7281.0,8400.0,12538.0,10702.0,23240.0,0.03923363929773159,0.3323615160349854,0.018781316167806587,0.03836490238740627,0.108251396473995
jammu and kashmir,Samba,532,47,9,588,7.993197278911565,628.0,4492.0,5120.0,6837.0,4388.0,11225.0,0.01343649140476572,0.07993197278911565,0.011447659378472587,0.01853037991818569,0.030681373048278573
jammu and kashmir,Shopian,308,84,20,412,20.388349514563107,0.0,0.0,0.0,0.0,0.0,0.0,0.00940783299379678,0.20388349514563106,0.0,0.0,0.05426361533423664
jammu and kashmir,Shupiyan,537,128,1,666,19.21921921921922,1844.0,6363.0,8207.0,9253.0,6276.0,15529.0,0.015221919564172407,0.1921921921921922,0.018349793070141507,0.025635480601292258,0.06217277462979515
jammu and kashmir,Srinagar,2853,271,135,3259,8.315434182264498,3495.0,36221.0,39716.0,32592.0,40252.0,72844.0,0.0745759608121409,0.08315434182264499,0.08879985153816743,0.12025184808555175,0.0887005116646544
jammu and kashmir,Udhampur,2448,349,11,2808,12.428774928774928,1172.0,15681.0,16853.0,22370.0,23115.0,45485.0,0.064252523634033,0.12428774928774929,0.03768113349714815,0.07508724548585088,0.07611399639044868
jammu and kashmir,punch,1,0,0,1,0.0,0.0,0.0,0.0,0.0,0.0,0.0,0.0,0.0,0.0,0.0,0.0
jharkhand,Bokaro,3505,2278,17,5800,39.275862068965516,4424.0,66249.0,70673.0,45931.0,62498.0,108429.0,0.13273971662050496,0.39275862068965517,0.1580157092294518,0.17899604134957292,0.21205090610539548
jharkhand,Bokaro *,2,0,0,2,0.0,0.0,0.0,0.0,1.0,2.0,3.0,2.2890104607778056e-05,0.0,0.0,4.95244006722112e-06,9.002024626166543e-06
jharkhand,Chatra,3448,2819,35,6302,44.73183116470962,3989.0,43307.0,47296.0,32491.0,35201.0,67692.0,0.14423054913360955,0.4473183116470962,0.10574775350864052,0.11174685767677735,0.20580919234562095
jharkhand,Deoghar,4518,3679,127,8324,44.19750120134551,4022.0,56038.0,60060.0,33194.0,34232.0,67426.0,0.19051434065053677,0.4419750120134551,0.1342864105998171,0.1113077413241504,0.2262926026158451
jharkhand,Dhanbad,6878,4061,92,11031,36.81443205511739,5776.0,102021.0,107797.0,52546.0,98523.0,151069.0,0.25247785382379195,0.36814432055117396,0.24102018320726748,0.24938672283834246,0.2784847101852427
jharkhand,Dumka,2743,2996,86,5825,51.433476394849784,4019.0,55639.0,59658.0,36526.0,39686.0,76212.0,0.1333119692356994,0.5143347639484979,0.13338759046892923,0.12581178746768532,0.22708275580694218
jharkhand,East Singhbhum,5983,2109,99,8191,25.747771944817483,4140.0,56520.0,60660.0,59424.0,76682.0,136106.0,0.1874699567377023,0.2574777194481748,0.13562793318323185,0.22468560259639925,0.20204662187616573
jharkhand,East Singhbum,848,546,53,1447,37.733241188666206,0.0,0.0,0.0,0.0,0.0,0.0,0.03309909126284707,0.37733241188666206,0.0,0.0,0.105917784913662
jharkhand,Garhwa,4523,1535,15,6073,25.27581096657336,3459.0,36814.0,40273.0,41415.0,58043.0,99458.0,0.13898871517842837,0.2527581096657336,0.0900452316697708,0.16418659473522604,0.1626819430098827
jharkhand,Garhwa *,314,67,0,381,17.585301837270343,44.0,2072.0,2116.0,535.0,5049.0,5584.0,0.00869823975095566,0.17585301837270342,0.004731102977509374,0.009218141778454245,0.04979748745720306
jharkhand,Giridih,7695,6526,82,14303,45.626791582185554,9740.0,115931.0,125671.0,53614.0,56796.0,110410.0,0.3273742761004418,0.45626791582185555,0.28098414096719304,0.18226630260729462,0.32129806430551605
jharkhand,Godda,3238,2135,17,5390,39.61038961038961,3785.0,53892.0,57677.0,44532.0,36402.0,80934.0,0.12335477373131594,0.3961038961038961,0.12895833007268817,0.13360692813349137,0.19471319647317054
jharkhand,Gumla,4083,2524,94,6701,37.66601999701537,3800.0,42953.0,46753.0,33578.0,54300.0,87878.0,0.15336370087211298,0.3766601999701537,0.10453367557065017,0.1450701760757525,0.1977631156270585
jharkhand,Hazaribag,358,208,0,566,36.74911660777385,391.0,9335.0,9726.0,1605.0,6129.0,7734.0,0.012932909103394601,0.3674911660777385,0.021746081077153197,0.012767390493296046,0.10330200401971258
jharkhand,Hazaribagh,4125,2048,31,6204,33.01096067053514,5791.0,60854.0,66645.0,38357.0,36575.0,74932.0,0.1419873188820473,0.33010960670535144,0.14900962095279405,0.12369874637233765,0.18676463675008076
jharkhand,Jamtara,3160,1274,16,4450,28.629213483146067,1682.0,31321.0,33003.0,17787.0,21854.0,39641.0,0.10183807540000457,0.28629213483146065,0.07379044970072866,0.06543989223490414,0.13506242848499334
jharkhand,Khunti,1426,1173,45,2644,44.364599092284415,1410.0,20011.0,21421.0,15296.0,27659.0,42955.0,0.0604985464783574,0.4436459909228442,0.047894592098879155,0.07091068769582773,0.15584704495707755
jharkhand,Kodarma,184,126,0,310,40.64516129032258,221.0,2782.0,3003.0,1247.0,3651.0,4898.0,0.007073042323803419,0.4064516129032258,0.006714320529990855,0.008085683816416347,0.10704846890841908
jharkhand,Koderma,2096,1114,12,3222,34.574798261949105,1672.0,22513.0,24185.0,17953.0,20190.0,38143.0,0.07372902694165312,0.3457479826194911,0.054074539466476466,0.06296697382800506,0.13565045774334766
jharkhand,Latehar,1675,923,11,2609,35.377539287083174,3017.0,35628.0,38645.0,22149.0,21314.0,43463.0,0.05969739281708517,0.35377539287083176,0.0864052337267721,0.07174930088054385,0.14096884262515091
jharkhand,Lohardaga,1984,919,56,2959,31.05778979384927,1511.0,15908.0,17419.0,13862.0,25334.0,39196.0,0.0677089294298075,0.3105778979384927,0.03894663646750273,0.06470528029159966,0.12207298313687628
jharkhand,Pakaur,197,100,0,297,33.670033670033675,227.0,3451.0,3678.0,1049.0,1435.0,2484.0,0.006775470963902305,0.3367003367003368,0.008223533436332456,0.004100620375659087,0.08901132977484831
jharkhand,Pakur,3971,2908,45,6924,41.99884459849798,2790.0,42671.0,45461.0,21113.0,16174.0,37287.0,0.1584681941996475,0.4199884459849798,0.10164493027436372,0.061553877595491295,0.1931007410400926
jharkhand,Palamau,220,66,0,286,23.076923076923077,140.0,3546.0,3686.0,496.0,2138.0,2634.0,0.006523679813216746,0.23076923076923078,0.00824142040411132,0.004348242379020143,0.06249352818355985
jharkhand,Palamu,6548,1994,64,8606,23.16988147803858,9410.0,104641.0,114051.0,57189.0,55852.0,113041.0,0.1969693501499302,0.2316988147803858,0.25500332026839395,0.18660959254624754,0.2151865588105003
jharkhand,Pashchimi Singhbhum,346,252,1,599,42.07011686143572,235.0,8922.0,9157.0,3615.0,10496.0,14111.0,0.013688282555451277,0.42070116861435725,0.020473870493881538,0.02329462726285241,0.11871989059934404
jharkhand,Purbi Singhbhum,814,172,0,986,17.44421906693712,86.0,4780.0,4866.0,3984.0,16575.0,20559.0,0.022546753038661386,0.1744421906693712,0.010879748151493673,0.03393907178066633,0.06046567521730628
jharkhand,Ramgarh,1902,1066,11,2979,35.783820073850286,2377.0,33083.0,35460.0,17337.0,19900.0,37237.0,0.06816673152196305,0.35783820073850287,0.0792839846798121,0.06147133692770428,0.14146897053881605
jharkhand,Ranchi,9318,4613,334,14265,32.3378899404136,8306.0,95347.0,103653.0,61673.0,116101.0,177774.0,0.32650445212534623,0.32337889940413606,0.23175473389781623,0.29347169350338914,0.30016656857514623
jharkhand,Sahebganj,3636,2670,15,6321,42.24015187470337,4750.0,60999.0,65749.0,36759.0,27666.0,64425.0,0.14466546112115733,0.42240151874703374,0.14700628056156134,0.10635365044357355,0.20690527728019048
jharkhand,Sahibganj,187,178,0,365,48.76712328767123,150.0,2506.0,2656.0,654.0,1443.0,2097.0,0.008331998077231213,0.4876712328767123,0.005938473302582655,0.0034617556069875626,0.12671405332812305
jharkhand,Seraikela-Kharsawan,2398,961,30,3389,28.356447329595753,2085.0,26654.0,28739.0,29138.0,35036.0,64174.0,0.07755167441115206,0.2835644732959575,0.06425669587459447,0.10593929629128271,0.13207340280106805
jharkhand,Seraikela-kharsawan,545,316,0,861,36.70150987224158,144.0,5818.0,5962.0,2760.0,11654.0,14414.0,0.019685489962689127,0.36701509872241583,0.013330262737197961,0.02379482370964174,0.10606871345691309
jharkhand,Simdega,1472,594,13,2079,28.57142857142857,1750.0,24335.0,26085.0,20497.0,42214.0,62711.0,0.0475656373749628,0.2857142857142857,0.05832269431395653,0.10352415635183455,0.12044591464296663
jharkhand,West Singhbhum,4211,2589,48,6848,37.80665887850467,4033.0,55272.0,59305.0,58306.0,72880.0,131186.0,0.15672854624945637,0.37806658878504673,0.13259832801568686,0.21656360088615662,0.21920402416394008
karnataka,Bagalkot,6158,900,84,7142,12.601512181461775,14788.0,37873.0,52661.0,39884.0,37250.0,77134.0,0.1634582370041431,0.12601512181461774,0.1177432012753408,0.12733383738167794,0.13772957113650827
karnataka,Bagalkot *,218,31,0,249,12.449799196787147,164.0,1032.0,1196.0,439.0,1286.0,1725.0,0.005676745942728958,0.12449799196787148,0.0026741016829400807,0.002847653038652144,0.03421571001624144
karnataka,Ballari,2450,267,64,2781,9.60086299892125,4784.0,19615.0,24399.0,25151.0,12209.0,37360.0,0.063634490809623,0.09600862998921252,0.054553015854561064,0.06167438697046035,0.06951970984567546
karnataka,Bangalore,5776,1236,4,7016,17.616875712656785,3869.0,47973.0,51842.0,51767.0,147212.0,198979.0,0.16057408382356309,0.17616875712656785,0.11591202294897966,0.3284771907118637,0.18912096135205772
karnataka,Bangalore Rural,2251,267,126,2644,10.098335854765507,5713.0,42521.0,48234.0,18760.0,19275.0,38035.0,0.0604985464783574,0.10098335854765507,0.10784500048071226,0.0627886859855851,0.08054706819759833
karnataka,Belagavi,7063,622,120,7805,7.969250480461243,12963.0,41358.0,54321.0,52855.0,26146.0,79001.0,0.17863437635909996,0.07969250480461243,0.12145474708945496,0.13041590591684524,0.13281928852809813
karnataka,Belgaum,5861,880,2,6743,13.050570962479608,12122.0,50900.0,63022.0,44316.0,66753.0,111069.0,0.15432508526563968,0.13050570962479607,0.14090906041994128,0.18335418860872751,0.15149285705490667
karnataka,Bellary,3623,596,1,4220,14.123222748815165,3524.0,23856.0,27380.0,29044.0,39203.0,68247.0,0.09657335134021562,0.14123222748815165,0.06121814722316005,0.11266305908921326,0.10388497110358803
karnataka,Bengaluru,20441,6732,3807,30980,21.73014848289219,38541.0,265383.0,303924.0,144086.0,152989.0,297075.0,0.7091125506443564,0.2173014848289219,0.6795348494029106,0.4904153776565714,0.5365048093446516
karnataka,Bengaluru Rural,1439,730,621,2790,26.16487455197133,8.0,71.0,79.0,5.0,5.0,10.0,0.063840501751093,0.2616487455197133,0.00017663380681627624,1.650813355740373e-05,0.0877949903808856
karnataka,Bengaluru South,15,183,5,203,90.14778325123153,326.0,3388.0,3714.0,23.0,123.0,146.0,0.004623801130771167,0.9014778325123153,0.008304024791337341,0.0002410187499380945,0.22869679723210384
karnataka,Bengaluru Urban,12111,7167,3796,23074,31.060934385022104,0.0,0.0,0.0,0.0,0.0,0.0,0.5281433836152631,0.31060934385022104,0.0,0.0,0.26250252022789733
karnataka,Bidar,3960,896,64,4920,18.211382113821138,6398.0,36661.0,43059.0,38406.0,41302.0,79708.0,0.11259642456566026,0.18211382113821137,0.09627436819875998,0.13158303095935367,0.13050868371415664
karnataka,Bijapur,3296,930,5,4231,21.980619238950602,5441.0,24941.0,30382.0,20574.0,34536.0,55110.0,0.09682514249090118,0.21980619238950602,0.06793023188217855,0.09097632403485197,0.12062165915259801
karnataka,Bijapur(KAR),3,0,0,3,0.0,0.0,1.0,1.0,3.0,10.0,13.0,4.578020921555612e-05,0.0,2.235870972357927e-06,2.1460573624624852e-05,2.0762362144841196e-05
karnataka,Chamarajanagar,232,17,0,249,6.827309236947792,85.0,1025.0,1110.0,445.0,1400.0,1845.0,0.005676745942728958,0.06827309236947791,0.002481816779317299,0.003045750641340989,0.02016064765645627
karnataka,Chamarajanagar *,23,0,0,23,0.0,5.0,51.0,56.0,16.0,46.0,62.0,0.0005035823013711172,0.0,0.00012520877445204391,0.00010235042805590315,0.00022176564598148043
karnataka,Chamrajanagar,1988,216,23,2227,9.69914683430624,2226.0,12985.0,15211.0,15916.0,13049.0,28965.0,0.05095337285691395,0.09699146834306241,0.03400983336053643,0.04781580884901991,0.058446676027596754
karnataka,Chamrajnagar,356,24,0,380,6.315789473684211,147.0,1789.0,1936.0,603.0,1649.0,2252.0,0.008675349646347884,0.06315789473684211,0.004328646202484947,0.0037176316771273207,0.020435101636354737
karnataka,Chickmagalur,1129,102,0,1231,8.285946385052803,886.0,9598.0,10484.0,6808.0,15111.0,21919.0,0.02815482866756701,0.08285946385052803,0.023440871274200508,0.03618417794447324,0.04249406584001521
karnataka,Chikkaballapur,2842,296,14,3152,9.390862944162437,4231.0,31990.0,36221.0,21218.0,20715.0,41933.0,0.07212671961910866,0.09390862944162437,0.08098548248977648,0.06922355644626108,0.07876331701430163
karnataka,Chikkamagaluru,1018,95,38,1151,8.253692441355343,1805.0,9284.0,11089.0,9401.0,5775.0,15176.0,0.026323620298944764,0.08253692441355343,0.024793573212477053,0.025052743486715906,0.03981676154785761
karnataka,Chikmagalur,145,9,0,154,5.844155844155844,42.0,670.0,712.0,201.0,1184.0,1385.0,0.0035021860049900427,0.05844155844155844,0.001591940132318844,0.002286376497700417,0.016611818038139978
karnataka,Chitradurga,4042,326,45,4413,7.3872648991615675,6123.0,41218.0,47341.0,29756.0,31471.0,61227.0,0.10099114152951678,0.07387264899161568,0.10584836770239663,0.10107434933191584,0.09519960519009729
karnataka,Dakshina Kannada,5896,530,79,6505,8.147578785549578,7839.0,48563.0,56402.0,38932.0,39119.0,78051.0,0.1488772403689885,0.0814757878554958,0.1261075945829318,0.12884763322889187,0.12346702665538466
karnataka,Davanagere,437,46,0,483,9.523809523809524,182.0,3004.0,3186.0,806.0,5445.0,6251.0,0.011033030420949023,0.09523809523809523,0.007123484917932355,0.010319234286733073,0.031159628297789052
karnataka,Davangere,4416,352,45,4813,7.313525867442344,5459.0,28314.0,33773.0,39870.0,49562.0,89432.0,0.11014718337262801,0.07313525867442344,0.07551207034944427,0.14763554003057305,0.10146485092502913
karnataka,Dharwad,4733,351,19,5103,6.878306878306878,11753.0,43366.0,55119.0,41268.0,46553.0,87821.0,0.11678531370888365,0.06878306878306878,0.12323897212539658,0.14497607971447532,0.11171363736185086
karnataka,Gadag,4088,349,20,4457,7.830379178819833,7989.0,20755.0,28744.0,22744.0,17981.0,40725.0,0.10199830613225902,0.07830379178819834,0.06426787522945626,0.0672293739125267,0.08157480492173683
karnataka,Gadag *,135,10,0,145,6.896551724137931,149.0,698.0,847.0,383.0,957.0,1340.0,0.00329617506352004,0.06896551724137931,0.0018937827135871643,0.0022120898966921003,0.019216215104632697
karnataka,Gulbarga,3650,703,3,4356,16.1386593204775,2688.0,21011.0,23699.0,21236.0,43229.0,64465.0,0.09968640556687343,0.16138659320477503,0.05298790617391051,0.10641968297780316,0.10711840807994219
karnataka,Hasan,944,49,0,993,4.934541792547835,466.0,8102.0,8568.0,2167.0,7515.0,9682.0,0.02270698377091583,0.04934541792547835,0.019156942491162718,0.015983174910278293,0.02731182228147833
karnataka,Hassan,2333,142,19,2494,5.693664795509222,5817.0,33029.0,38846.0,27002.0,20010.0,47012.0,0.0570650307871907,0.05693664795509222,0.08685464379221604,0.07760803748006642,0.06709945901874628
karnataka,Haveri,3917,266,59,4242,6.270627062706271,14289.0,43341.0,57630.0,34207.0,34121.0,68328.0,0.09707693364158673,0.0627062706270627,0.12885324413698734,0.11279677497102822,0.09798349825292413
karnataka,Haveri *,111,6,0,117,5.128205128205128,150.0,814.0,964.0,333.0,1084.0,1417.0,0.0026552521345022547,0.05128205128205128,0.0021553796173530418,0.002339202525084109,0.01464876749607604
karnataka,Kalaburagi,4096,602,84,4782,12.588874947720619,8200.0,32020.0,40220.0,45175.0,24962.0,70137.0,0.10943759012978689,0.12588874947720619,0.08992673050823582,0.11578309633156256,0.11091730928268663
karnataka,Kodagu,1095,75,41,1211,6.193228736581338,1140.0,10341.0,11481.0,8269.0,9036.0,17305.0,0.027697026575411447,0.061932287365813375,0.025670034633641363,0.02856732512108716,0.036024503093793056
karnataka,Kolar,3841,314,31,4186,7.501194457716196,6189.0,41076.0,47265.0,31388.0,32895.0,64283.0,0.09579508778355117,0.07501194457716197,0.10567844150849742,0.10611923494705841,0.09464080215964457
karnataka,Koppal,4752,650,49,5451,11.924417538066411,8068.0,35331.0,43399.0,31753.0,28059.0,59812.0,0.12475107011239041,0.11924417538066412,0.09703456432936168,0.09873844843354321,0.11262852093708367
karnataka,Mandya,3401,150,43,3594,4.173622704507513,4101.0,36160.0,40261.0,31387.0,34392.0,65779.0,0.08224414585574656,0.041736227045075125,0.0900184012181025,0.10858885172724601,0.07894095839984978
karnataka,Mysore,2857,214,2,3073,6.96387894565571,1542.0,19689.0,21231.0,17825.0,36693.0,54518.0,0.07031840135509419,0.0696387894565571,0.047469776614131154,0.08999904252825366,0.0695149016668992
karnataka,Mysuru,3650,463,248,4361,10.616831002063746,4695.0,32490.0,37185.0,32289.0,22300.0,54589.0,0.09980085608991232,0.10616831002063747,0.08314086210712952,0.09011625027651124,0.09612379961335683
karnataka,Raichur,7619,2056,104,9779,21.02464464669189,7377.0,40787.0,48164.0,53880.0,56997.0,110877.0,0.22381944285485386,0.2102464464669189,0.1076884895126472,0.18303723244442538,0.1890435610073431
karnataka,Ramanagar,2559,379,11,2949,12.851814174296372,3637.0,31197.0,34834.0,20055.0,20867.0,40922.0,0.06748002838372971,0.12851814174296372,0.07788432945111604,0.06755458414360756,0.08483532808899105
karnataka,Ramanagara,168,24,12,204,11.76470588235294,0.0,0.0,0.0,0.0,0.0,0.0,0.004646691235378945,0.11764705882352941,0.0,0.0,0.031038106638264982
karnataka,Shimoga,2111,149,0,2260,6.592920353982301,1163.0,14351.0,15514.0,7443.0,19406.0,26849.0,0.05170874630897063,0.06592920353982301,0.03468730226516088,0.04432268778827328,0.05038236010378231
karnataka,Shivamogga,2004,182,43,2229,8.16509645580978,4526.0,20225.0,24751.0,21668.0,11986.0,33654.0,0.05099915306612951,0.0816509645580978,0.055340042436831056,0.055556472674086525,0.06044174773485329
karnataka,Tumakuru,2792,161,47,3000,5.366666666666667,4312.0,24113.0,28425.0,26620.0,16941.0,43561.0,0.0686474237187264,0.053666666666666675,0.06355463238927408,0.0719110805894064,0.064536407563957
karnataka,Tumkur,2754,188,0,2942,6.390210740992522,2750.0,23550.0,26300.0,20241.0,44520.0,64761.0,0.06731979765147526,0.06390210740992522,0.058803406573013486,0.10690832373110232,0.07267980209132081
karnataka,Udupi,3338,210,43,3591,5.847953216374268,3944.0,23431.0,27375.0,20128.0,14497.0,34625.0,0.08217547554192323,0.05847953216374269,0.061206967868298254,0.057159412442510424,0.06705457554277054
karnataka,Udupi *,2,0,0,2,0.0,0.0,1.0,1.0,2.0,1.0,3.0,2.2890104607778056e-05,0.0,2.235870972357927e-06,4.95244006722112e-06,9.449198820638129e-06
karnataka,Uttara Kannada,3219,221,30,3470,6.368876080691642,4134.0,26497.0,30631.0,23598.0,19558.0,43156.0,0.07940577288438208,0.06368876080691642,0.06848696375429567,0.07124250118033155,0.07166010369818827
karnataka,Vijayanagara,1822,241,56,2119,11.373289287399716,2066.0,12626.0,14692.0,5607.0,14341.0,19948.0,0.04848124155927392,0.11373289287399717,0.03284941632588267,0.032930424820308966,0.05855762599348349
karnataka,Vijayapura,4662,842,92,5596,15.046461758398857,8945.0,23026.0,31971.0,35601.0,17491.0,53092.0,0.12807013528051825,0.15046461758398857,0.07148303085725528,0.0876449826829679,0.11426630445222317
karnataka,Yadgir,4847,1300,111,6258,20.773410035155003,7003.0,26331.0,33334.0,32589.0,28313.0,60902.0,0.1432233845308673,0.20773410035155004,0.07453052299257915,0.10053783499130022,0.13707538127046695
karnataka,yadgir,573,116,0,689,16.835994194484762,217.0,1882.0,2099.0,856.0,3425.0,4281.0,0.015748391970151304,0.16835994194484763,0.004693093170979289,0.007067131975924538,0.04995396770514563
kerala,Alappuzha,2536,892,131,3559,25.063220005619556,2640.0,34195.0,36835.0,34603.0,53026.0,87629.0,0.08144299219447433,0.2506322000561956,0.08235830726680425,0.14465912355017316,0.1365665834455104
kerala,Ernakulam,4185,1807,332,6324,28.573687539531946,5733.0,60474.0,66207.0,61215.0,87540.0,148755.0,0.14473413143498065,0.28573687539531945,0.1480303094669013,0.24556674073315923,0.2008105748910852
kerala,Idukki,1399,271,28,1698,15.959952885747938,1528.0,13964.0,15492.0,19715.0,28218.0,47933.0,0.038844507519399364,0.15959952885747938,0.034638113103769005,0.07912843658070332,0.07624876978305409
kerala,Kannur,4013,1722,230,5965,28.868398994132438,4639.0,53071.0,57710.0,49177.0,70222.0,119399.0,0.13651658388078836,0.2886839899413244,0.12903211381477597,0.19710546386204483,0.18517931737897117
kerala,Kasaragod,2695,798,62,3555,22.447257383966246,2451.0,25907.0,28358.0,36306.0,35450.0,71756.0,0.08135143177604322,0.22447257383966246,0.0634048290341261,0.11845576315450622,0.12096326301925721
kerala,Kasargod,251,64,0,315,20.317460317460316,34.0,1835.0,1869.0,211.0,1927.0,2138.0,0.007187492846842309,0.20317460317460317,0.004178842847336966,0.003529438954572918,0.05485092965042758
kerala,Kollam,3814,1042,213,5069,20.556322746103767,4498.0,48602.0,53100.0,50033.0,77278.0,127311.0,0.1160070501522192,0.20556322746103767,0.11872474863220593,0.21016669913266267,0.15777156397150988
kerala,Kottayam,2465,804,52,3321,24.209575429087625,2352.0,27858.0,30210.0,30704.0,47511.0,78215.0,0.07599514729782314,0.24209575429087626,0.06754566207493298,0.1291183666192333,0.1264550458657904
kerala,Kozhikode,4587,1914,203,6704,28.55011933174224,9275.0,80652.0,89927.0,61123.0,91063.0,152186.0,0.15343237118593633,0.2855011933174224,0.2010651689312313,0.25123068135670445,0.2155357983020205
kerala,Malappuram,10205,4116,246,14567,28.25564632388275,10011.0,142379.0,152390.0,96696.0,127313.0,224009.0,0.3334172637168952,0.2825564632388275,0.3407243774776245,0.36979704900604526,0.32943944340735415
kerala,Palakkad,5174,1381,169,6724,20.538370017846518,3894.0,46102.0,49996.0,61028.0,98819.0,159847.0,0.15389017327809187,0.2053837001784652,0.11178460513400693,0.26387756247503147,0.18033991921375614
kerala,Pathanamthitta,1398,480,73,1951,24.602767811378783,1955.0,19080.0,21035.0,20056.0,39314.0,59370.0,0.04463570398516721,0.24602767811378784,0.047031545903548994,0.09800878893030596,0.10613748289002647
kerala,Thiruvananthapuram,4836,1394,433,6663,20.921506828755813,5373.0,59565.0,64938.0,55721.0,93096.0,148817.0,0.15249387689701743,0.20921506828755815,0.14519298920297907,0.24566909116121513,0.1838490400586845
kerala,Thrissur,4914,1672,485,7071,23.645877527930985,4994.0,53826.0,58820.0,58766.0,86746.0,145512.0,0.16183303957699088,0.23645877527930986,0.13151393059409328,0.2402131530204932,0.19010167439469156
kerala,Wayanad,1265,233,18,1516,15.369393139841689,1687.0,16378.0,18065.0,12585.0,24268.0,36853.0,0.03467850848078376,0.1536939313984169,0.04039100911564596,0.06083742459909998,0.07080664756082772
ladakh,Kargil,365,120,7,492,24.390243902439025,701.0,1788.0,2489.0,1711.0,1231.0,2942.0,0.011239041362419025,0.24390243902439027,0.005565082850198881,0.004856692892588178,0.06699362938150163
ladakh,Leh,101,13,11,125,10.4,674.0,2572.0,3246.0,1098.0,1723.0,2821.0,0.002838372971364479,0.10400000000000001,0.007257637176273831,0.004656944476543593,0.029376346870541054
lakshadweep,Lakshadweep,192,10,1,203,4.926108374384237,170.0,1006.0,1176.0,2226.0,2594.0,4820.0,0.004623801130771167,0.04926108374384237,0.002629384263492922,0.0079569203746686,0.016050862259362805
madhya pradesh,Agar Malwa,2087,421,29,2537,16.594402837997634,965.0,8919.0,9884.0,5721.0,11092.0,16813.0,0.05804930528532515,0.16594402837997635,0.022099348690785753,0.027755124950062895,0.07177415867302761
madhya pradesh,Alirajpur,3251,3390,369,7010,48.35948644793152,2001.0,19593.0,21594.0,33490.0,28643.0,62133.0,0.16043674319591641,0.48359486447931527,0.04828139777709708,0.10256998623221661,0.2072218530402623
madhya pradesh,Anuppur,2864,349,13,3226,10.818350898946063,3847.0,22348.0,26195.0,31994.0,39356.0,71350.0,0.07382058736008423,0.10818350898946064,0.0585686401209159,0.11778553293207564,0.08815391743399295
madhya pradesh,Ashok Nagar,3726,1285,167,5178,24.81653147933565,6092.0,38925.0,45017.0,44837.0,29539.0,74376.0,0.118502071554467,0.24816531479335652,0.10065220356263681,0.122780894146546,0.14820367328423917
madhya pradesh,Ashoknagar,1594,1323,94,3011,43.93889073397542,0.0,0.0,0.0,0.0,0.0,0.0,0.06889921486941195,0.4393889073397542,0.0,0.0,0.13396195203923272
madhya pradesh,Balaghat,6237,540,28,6805,7.935341660543719,13036.0,66256.0,79292.0,72713.0,54049.0,126762.0,0.1557442717513219,0.07935341660543718,0.17728668114020477,0.2092604026003612,0.15165826601243515
madhya pradesh,Barwani,12801,8355,667,21823,38.28529533061449,12569.0,70190.0,82759.0,78193.0,65234.0,143427.0,0.4995078627509328,0.3828529533061449,0.1850384458013697,0.2367712071737745,0.3549029208843915
madhya pradesh,Betul,6829,1207,130,8166,14.780798432525105,10942.0,37304.0,48246.0,69579.0,86243.0,155822.0,0.18689770412250784,0.14780798432525105,0.10787183093238055,0.25723303871817643,0.1753871664543019
madhya pradesh,Bhind,8483,4845,639,13967,34.6889095725639,8411.0,49605.0,58016.0,51439.0,31926.0,83365.0,0.31968320095222835,0.34688909572563903,0.1297162903323175,0.1376200554012962,0.2520786634114124
madhya pradesh,Bhopal,11256,1452,154,12862,11.289068574094232,10700.0,80164.0,90864.0,89809.0,96629.0,186438.0,0.2943896353606336,0.11289068574094233,0.2031601800323307,0.3077743404175237,0.23344594790142822
madhya pradesh,Burhanpur,6542,2759,388,9689,28.475590876251417,3248.0,13295.0,16543.0,33915.0,40226.0,74141.0,0.22175933344015383,0.28475590876251416,0.03698801349571719,0.12239295300794702,0.18068093719541523
madhya pradesh,Chhatarpur,11504,5965,367,17836,33.443597219107424,11821.0,68037.0,79858.0,89515.0,69016.0,158531.0,0.40824501567972166,0.33443597219107424,0.17855218411055934,0.2617050920988771,0.3145462037775585
madhya pradesh,Chhindwara,8308,625,48,8981,6.959135953679992,16975.0,72447.0,89422.0,63350.0,76841.0,140191.0,0.20555313937784697,0.06959135953679992,0.19993605409019055,0.23142917515459868,0.17561448451540426
madhya pradesh,Damoh,5081,938,47,6066,15.463237718430598,7014.0,48440.0,55454.0,74879.0,59604.0,134483.0,0.13882848444617393,0.15463237718430597,0.12398798890113649,0.22200633252003263,0.1564469281364712
madhya pradesh,Datia,3995,1805,43,5843,30.89166524045867,5168.0,31277.0,36445.0,27648.0,19386.0,47034.0,0.13372399111863942,0.3089166524045867,0.08148631758758465,0.07764435537389272,0.15585869458496596
madhya pradesh,Dewas,8393,1958,91,10442,18.75119708868033,5450.0,41799.0,47249.0,56452.0,63449.0,119901.0,0.2389955822098107,0.1875119708868033,0.10564266757293969,0.1979341721666265,0.1912418144430478
madhya pradesh,Dhar,8734,3553,425,12712,27.949968533668972,12026.0,75429.0,87455.0,77936.0,68455.0,146391.0,0.2909561196694669,0.27949968533668973,0.19553809588756252,0.241664217960189,0.25915002598803616
madhya pradesh,Dindori,2409,249,1,2659,9.364422715306505,8508.0,38909.0,47417.0,33514.0,27962.0,61476.0,0.06084189804747407,0.09364422715306506,0.10601829389629583,0.10148540185749519,0.0862064602556404
madhya pradesh,East Nimar,2338,1500,21,3859,38.87017362010884,1078.0,8529.0,9607.0,10364.0,29999.0,40363.0,0.08831002357680774,0.3887017362010884,0.021480012431442607,0.06663177947774869,0.14570630068399307
madhya pradesh,Guna,7496,2249,66,9811,22.92324941392315,5429.0,47524.0,52953.0,80661.0,52225.0,132886.0,0.22455192620230274,0.2292324941392315,0.11839607559926932,0.21936998359091525,0.20345450954365074
madhya pradesh,Gwalior,12110,5602,830,18542,30.212490561967424,11375.0,70344.0,81719.0,69790.0,57330.0,127120.0,0.42440542953281296,0.30212490561967426,0.18271313999011746,0.20985139378171624,0.30258603349576985
madhya pradesh,Harda,1733,383,18,2134,17.94751640112465,1551.0,8616.0,10167.0,18957.0,18812.0,37769.0,0.048824593128390596,0.1794751640112465,0.022732100175963044,0.06234956963295816,0.07897373255953258
madhya pradesh,Harda *,503,107,0,610,17.54098360655738,163.0,1931.0,2094.0,2126.0,8046.0,10172.0,0.013940073706136836,0.17540983606557378,0.004681913816117499,0.016792073454591078,0.05302628226768305
madhya pradesh,Hoshangabad,5158,812,12,5982,13.574055499832832,2118.0,10285.0,12403.0,45218.0,51838.0,97056.0,0.13690571565912057,0.13574055499832832,0.02773150767015537,0.16022134105473768,0.11944270897525289
madhya pradesh,Indore,16685,5009,609,22303,22.458862036497333,23118.0,163569.0,186687.0,108940.0,112684.0,221624.0,0.5104951129626663,0.22458862036497335,0.41740804421658434,0.3658598591526045,0.39147402530201436
madhya pradesh,Jabalpur,10653,1713,101,12467,13.740274324215932,9313.0,82738.0,92051.0,82138.0,76526.0,158664.0,0.28534804404056124,0.13740274324215931,0.20581415887651955,0.2619246502751906,0.22777026305507828
madhya pradesh,Jhabua,6586,6570,332,13488,48.70996441281139,3897.0,37565.0,41462.0,50578.0,38148.0,88726.0,0.30871884084510265,0.4870996441281139,0.09270368225590438,0.14647006580142036,0.27766125493927934
madhya pradesh,Katni,8413,2410,118,10941,22.027236998446213,8994.0,47948.0,56942.0,53755.0,44697.0,98452.0,0.2504177444090919,0.22027236998446215,0.1273149649080051,0.16252587649935124,0.200682471320769
madhya pradesh,Khandwa,3207,1232,82,4521,27.25060827250608,4171.0,13559.0,17730.0,36298.0,22720.0,59018.0,0.10346327282715681,0.2725060827250608,0.03964199233990605,0.09742770262908534,0.13175260516456838
madhya pradesh,Khargone,9870,4663,506,15039,31.00605093423765,5395.0,35585.0,40980.0,81463.0,87738.0,169201.0,0.3442213930917664,0.3100605093423765,0.09162599244722786,0.2793192706046269,0.2721816675280833
madhya pradesh,Maihar,378,20,20,418,4.784688995215311,195.0,3822.0,4017.0,196.0,1325.0,1521.0,0.00954517362144345,0.04784688995215311,0.008981493695961794,0.0025108871140811077,0.017601009417552067
madhya pradesh,Mandla,4645,261,5,4911,5.31459987782529,10371.0,46610.0,56981.0,34924.0,27323.0,62247.0,0.11239041362419026,0.0531459987782529,0.12740216387592704,0.10275817895477102,0.09865521302916944
madhya pradesh,Mandsaur,7444,808,24,8276,9.763170613823103,10108.0,43947.0,54055.0,46973.0,45487.0,92460.0,0.18941561562936343,0.09763170613823104,0.12086000541080776,0.15263420287175491,0.14540223366134747
madhya pradesh,Mauganj,379,58,1,438,13.24200913242009,169.0,3917.0,4086.0,83.0,978.0,1061.0,0.01000297571359901,0.1324200913242009,0.00913576879305449,0.001751512970440536,0.03878352068350889
madhya pradesh,Morena,14064,7647,670,22381,34.16737411196997,15081.0,95336.0,110417.0,94466.0,51093.0,145559.0,0.5122805411220729,0.3416737411196997,0.24687816515484523,0.240290741248213,0.3621504059532621
madhya pradesh,Narmadapuram,608,100,29,737,13.568521031207597,489.0,5420.0,5909.0,1420.0,5430.0,6850.0,0.01684711699132465,0.13568521031207598,0.013211761575662992,0.011308071486821556,0.044721760137479534
madhya pradesh,Narsimhapur,966,223,0,1189,18.755256518082422,298.0,3988.0,4286.0,2685.0,7663.0,10348.0,0.02719344427404033,0.18755256518082422,0.009582942987526075,0.017082616605201384,0.06173895870966566
madhya pradesh,Narsinghpur,3860,1222,92,5174,23.618090452261306,3937.0,22260.0,26197.0,38006.0,25111.0,63117.0,0.11841051113603589,0.23618090452261306,0.05857311186286061,0.10419438657426514,0.13304240471569098
madhya pradesh,Neemuch,4183,764,17,4964,15.390813859790493,5214.0,31762.0,36976.0,34879.0,22132.0,57011.0,0.11360358916840249,0.15390813859790492,0.08267356507390672,0.09411452022411441,0.11359590791802134
madhya pradesh,Niwari,117,16,9,142,11.267605633802818,154.0,1585.0,1739.0,1194.0,1101.0,2295.0,0.003227504749696706,0.11267605633802819,0.0038881796209304354,0.0037886166514241567,0.030834000001371813
madhya pradesh,Pandhurna,66,4,28,98,4.081632653061225,60.0,761.0,821.0,78.0,299.0,377.0,0.0022203401469544715,0.04081632653061225,0.0018356500683058582,0.0006223566351141207,0.011472802024771123
madhya pradesh,Panna,6807,2404,128,9339,25.741514080736692,4984.0,37841.0,42825.0,53832.0,44207.0,98039.0,0.2137477968274315,0.25741514080736694,0.09575117439122822,0.16184409058343047,0.19068456708637452
madhya pradesh,Raisen,6215,1230,122,7567,16.25479053786177,6174.0,36639.0,42813.0,67598.0,49050.0,116648.0,0.17318653146244878,0.16254790537861769,0.09572434393955993,0.19256407632040307,0.15890994640850412
madhya pradesh,Rajgarh,6542,1594,35,8171,19.50801615469343,7503.0,34777.0,42280.0,83066.0,82163.0,165229.0,0.18701215464554674,0.1950801615469343,0.09453262471129316,0.27276223995562615,0.18768326744605882
madhya pradesh,Ratlam,6427,1478,77,7982,18.516662490603856,11051.0,68372.0,79423.0,83610.0,51337.0,134947.0,0.1826859248746767,0.18516662490603858,0.17757958023758363,0.22277230991709615,0.19030210796358243
madhya pradesh,Rewa,9346,1463,29,10838,13.498800516700499,9422.0,73712.0,83134.0,119788.0,75171.0,194959.0,0.24806006363449082,0.134988005167005,0.1858768974160039,0.3218409210217874,0.2221115872513813
madhya pradesh,Sagar,11572,1882,387,13841,13.597283433277942,9874.0,78003.0,87877.0,112844.0,79881.0,192725.0,0.3167990477716483,0.13597283433277943,0.19648163343789757,0.31815300398506347,0.24779980278786395
madhya pradesh,Satna,11198,1946,132,13276,14.658029526965954,11697.0,75356.0,87053.0,96656.0,76057.0,172713.0,0.30386613866825374,0.14658029526965954,0.19463927575667464,0.2851169271099871,0.23894946292463604
madhya pradesh,Sehore,5155,1308,55,6518,20.06750536974532,4566.0,23303.0,27869.0,54978.0,63024.0,118002.0,0.1491748117288896,0.2006750536974532,0.062311488128643074,0.19479927760407553,0.15380210067601838
madhya pradesh,Seoni,5558,513,10,6081,8.436112481499753,10764.0,63519.0,74283.0,45852.0,39900.0,85752.0,0.1391718360152906,0.08436112481499754,0.1660872034396639,0.14156054688144848,0.13132997387332357
madhya pradesh,Shahdol,4410,828,59,5297,15.631489522371153,6791.0,47986.0,54777.0,45413.0,49159.0,94572.0,0.12122599400279259,0.15631489522371153,0.12247430425285018,0.1561207206790786,0.13722682669329106
madhya pradesh,Shajapur,5937,1070,18,7025,15.231316725978647,4315.0,26910.0,31225.0,62880.0,63761.0,126641.0,0.16078009476503308,0.15231316725978647,0.06981507111187628,0.2090606541843166,0.15012647004194676
madhya pradesh,Sheopur,3765,3326,139,7230,46.00276625172891,5300.0,33506.0,38806.0,32840.0,23428.0,56268.0,0.16547256620962758,0.4600276625172891,0.08676520895332172,0.09288796590079933,0.20885294877351615
madhya pradesh,Shivpuri,7127,4867,747,12741,38.19951338199513,7316.0,61614.0,68930.0,90683.0,75889.0,166572.0,0.29161993270309244,0.3819951338199513,0.15411858612463192,0.27497928229238544,0.28338533358447365
madhya pradesh,Sidhi,5606,671,15,6292,10.664335664335663,5976.0,48117.0,54093.0,77260.0,43947.0,121207.0,0.14400164808753177,0.10664335664335664,0.12094496850775735,0.20009013440922344,0.14126843657487145
madhya pradesh,Singrauli,5669,859,22,6550,13.114503816793894,8741.0,47963.0,56704.0,76133.0,32297.0,108430.0,0.14990729507633851,0.13114503816793893,0.1267828276165839,0.17899769216292868,0.14640991677460571
madhya pradesh,Tikamgarh,5674,1539,29,7242,21.251035625517815,8041.0,43127.0,51168.0,89448.0,71168.0,160616.0,0.16574724746492092,0.21251035625517817,0.11440504591361042,0.2651470379455958,0.1870495424483581
madhya pradesh,Ujjain,12450,1763,95,14308,12.321778026279006,10268.0,66440.0,76708.0,86924.0,63027.0,149951.0,0.32748872662348066,0.12321778026279007,0.17150919054763186,0.24754111350662472,0.22923556019476704
madhya pradesh,Umaria,4360,906,34,5300,17.09433962264151,3692.0,25933.0,29625.0,19901.0,19360.0,39261.0,0.12129466431661592,0.1709433962264151,0.06623767755610359,0.0648125831597228,0.11139903371058463
madhya pradesh,Vidisha,7998,2206,170,10374,21.264700212068632,8962.0,40335.0,49297.0,67687.0,57203.0,124890.0,0.2374390550964818,0.21264700212068632,0.11022173132432873,0.20617007999841522,0.19954378207848897
madhya pradesh,West Nimar,618,136,6,760,17.894736842105264,210.0,1849.0,2059.0,2548.0,7270.0,9818.0,0.017373589397303546,0.17894736842105263,0.0046036583320849716,0.016207685526658983,0.05497986716606819
maharashtra,Ahilyanagar,12,1,0,13,7.6923076923076925,200.0,2218.0,2418.0,1.0,16.0,17.0,0.00027468125529333664,0.07692307692307693,0.005406336011161468,2.8063827047586346e-05,0.02041378763776371
maharashtra,Ahmadnagar,9369,2338,129,11836,19.75329503210544,8400.0,219267.0,227667.0,164245.0,199316.0,363561.0,0.27090438803305333,0.19753295032105442,0.5090340366638122,0.6001713544263259,0.3660408516098599
maharashtra,Ahmed Nagar,277,63,0,340,18.529411764705884,114.0,5481.0,5595.0,1602.0,4237.0,5839.0,0.007759745462036761,0.18529411764705883,0.012509698090342603,0.00963909918416804,0.0534691997783797
maharashtra,Ahmednagar,182,158,28,368,42.934782608695656,0.0,0.0,0.0,0.0,0.0,0.0,0.008400668391054546,0.42934782608695654,0.0,0.0,0.11027719045860823
maharashtra,Akola,3966,693,49,4708,14.719626168224298,2889.0,59193.0,62082.0,53986.0,131099.0,185085.0,0.10774372238881132,0.14719626168224298,0.13880734170592482,0.305540789947207,0.16337899458727106
maharashtra,Amravati,5783,1025,107,6915,14.822848879248014,5974.0,90217.0,96191.0,103569.0,234714.0,338283.0,0.1582621832581775,0.14822848879248013,0.21507066470208136,0.5584420944199207,0.24715143816288254
maharashtra,Aurangabad,12374,4874,145,17393,28.02276778014144,8266.0,146863.0,155129.0,110323.0,201050.0,311373.0,0.398104699338476,0.2802276778014144,0.3468484280709129,0.5140187070169473,0.38156699123639215
maharashtra,Beed,7454,2461,270,10185,24.162984781541482,8927.0,162224.0,171151.0,114059.0,141436.0,255495.0,0.23311282532561173,0.24162984781541483,0.38267155279003157,0.4217745583248867,0.30288617304080145
maharashtra,Bhandara,1842,55,6,1903,2.8901734104046244,1658.0,36236.0,37894.0,31856.0,70348.0,102204.0,0.04353697896399386,0.028901734104046246,0.08472609462653129,0.1687197282100891,0.07315254073073349
maharashtra,Bid,439,129,0,568,22.711267605633804,122.0,11796.0,11918.0,538.0,9354.0,9892.0,0.012978689312610158,0.22711267605633803,0.026647110248561777,0.016329845714983773,0.06991610146620718
maharashtra,Buldana,963,112,0,1075,10.418604651162791,240.0,22701.0,22941.0,3169.0,32568.0,35737.0,0.024583972348753633,0.10418604651162791,0.05129311597686321,0.05899511689409372,0.05670854852416214
maharashtra,Buldhana,5849,1093,142,7084,15.429136081309993,4282.0,109890.0,114172.0,84533.0,134968.0,219501.0,0.162130610936892,0.15429136081309994,0.25527386065604923,0.36235518239836767,0.21884436264207055
maharashtra,Chandrapur,4014,375,86,4475,8.379888268156424,3249.0,108822.0,112071.0,65688.0,147946.0,213634.0,0.10241032801519902,0.08379888268156424,0.25057629574312523,0.3526698604402389,0.17744256671238356
maharashtra,Chatrapati Sambhaji Nagar,114,81,16,211,38.388625592417064,770.0,6870.0,7640.0,413.0,1791.0,2204.0,0.004806921967633391,0.38388625592417064,0.017082054228814564,0.0036383926360517827,0.10179807604268762
maharashtra,Chhatrapati Sambhajinagar,411,365,234,1010,36.13861386138614,1424.0,13314.0,14738.0,842.0,4025.0,4867.0,0.023096115549248057,0.36138613861386143,0.03295226639061113,0.008034508602388397,0.10662753009430209
maharashtra,Dharashiv,89,28,27,144,19.444444444444446,239.0,2949.0,3188.0,121.0,522.0,643.0,0.003273284958912262,0.19444444444444448,0.007127956659877072,0.00106147298774106,0.05139464677625404
maharashtra,Dhule,7244,4842,519,12605,38.41332804442681,3645.0,58263.0,61908.0,72244.0,125610.0,197854.0,0.28850687847643464,0.38413328044426814,0.13841830015673456,0.3266200256866558,0.2900183927464972
maharashtra,Gadchiroli,2084,268,22,2374,11.288963774220724,2371.0,50327.0,52698.0,38590.0,102075.0,140665.0,0.05431821823425733,0.11288963774220724,0.11782592850131804,0.23221166068521962,0.11724130365484942
maharashtra,Gondia,25,4,0,29,13.793103448275861,18.0,957.0,975.0,26.0,839.0,865.0,0.0006409229290177856,0.13793103448275862,0.002179974198048979,0.001427953552715423,0.035428667195998756
maharashtra,Gondiya,2780,104,6,2890,3.598615916955018,3464.0,60154.0,63618.0,35448.0,61066.0,96514.0,0.0661295122118708,0.035986159169550176,0.1422416395194666,0.15932660021592637,0.09245551701362092
maharashtra,Gondiya *,53,4,0,57,7.017543859649122,27.0,1981.0,2008.0,67.0,1341.0,1408.0,0.0012818458580355712,0.07017543859649122,0.004489628912494718,0.0023243452048824454,0.01935530052291069
maharashtra,Hingoli,6359,1457,373,8189,17.792160214922458,2729.0,93822.0,96551.0,45691.0,71373.0,117064.0,0.18742417652848675,0.1779216021492246,0.21587557825213022,0.19325081467639105,0.19190414090798077
maharashtra,Hingoli *,1,0,0,1,0.0,0.0,3.0,3.0,0.0,9.0,9.0,0.0,0.0,6.707612917073781e-06,1.485732020166336e-05,4.312986623747428e-06
maharashtra,Jalgaon,10454,2579,227,13260,19.449472096530922,7782.0,143294.0,151076.0,148853.0,268531.0,417384.0,0.3034998969945293,0.19449472096530923,0.3377864430199462,0.6890230816723399,0.36021054912786976
maharashtra,Jalna,4627,944,19,5590,16.887298747763865,4102.0,75438.0,79540.0,71820.0,120872.0,192692.0,0.12793279465287158,0.16887298747763865,0.17784117714134953,0.318098527144324,0.18618266585504945
maharashtra,Kolhapur,6423,985,72,7480,13.168449197860962,5819.0,124115.0,129934.0,118410.0,152674.0,271084.0,0.1711950923615721,0.13168449197860962,0.2905156589223549,0.44750908772752335,0.2404443546511783
maharashtra,Latur,5828,1631,148,7607,21.440778230577102,5957.0,119670.0,125627.0,74375.0,172366.0,246741.0,0.17410213564675991,0.21440778230577104,0.2808857626444093,0.40732333820873545,0.2521795132234377
maharashtra,Mumbai,10594,3881,77,14552,26.669873556899393,7094.0,128389.0,135483.0,119615.0,284744.0,404359.0,0.33307391214777854,0.2666987355689939,0.302922506947969,0.6675212377138215,0.3773393020763291
maharashtra,Mumbai City,2314,449,166,2929,15.329463980880847,4950.0,46925.0,51875.0,28377.0,19194.0,47571.0,0.06702222629157414,0.15329463980880847,0.11598580669106746,0.0785308421459253,0.10068476892165162
maharashtra,Mumbai Suburban,12480,4946,790,18216,27.151954325867365,19869.0,173108.0,192977.0,99373.0,74817.0,174190.0,0.4169432554306773,0.27151954325867367,0.4314716726327157,0.28755517843641565,0.3576153954292317
maharashtra,Mumbai( Sub Urban ),340,79,0,419,18.85441527446301,51.0,3590.0,3641.0,454.0,4473.0,4927.0,0.009568063726051228,0.1885441527446301,0.008140806210355213,0.00813355740373282,0.053739733213093055
maharashtra,Nagpur,10093,1502,233,11828,12.698681095705105,13044.0,145857.0,158901.0,112851.0,238072.0,350923.0,0.2707212671961911,0.12698681095705106,0.355282133378647,0.579308375236479,0.3134172479809549
maharashtra,Nanded,9164,2447,336,11947,20.482129404871515,7187.0,229602.0,236789.0,124730.0,217810.0,342540.0,0.2734451896445167,0.20482129404871516,0.5294296516736612,0.5654696068753075,0.36589099159755334
maharashtra,Nandurbar,7649,2630,237,10516,25.00950931913275,2966.0,38078.0,41044.0,67146.0,132601.0,199747.0,0.24068944995078628,0.2500950931913275,0.09176908818945877,0.32974501536907236,0.23106790149231332
maharashtra,Nandurbar *,106,33,1,140,23.57142857142857,0.0,600.0,600.0,16.0,1629.0,1645.0,0.0031817245404811498,0.2357142857142857,0.0013415225834147563,0.002715587970192914,0.06085359712846136
maharashtra,Nashik,16262,5802,304,22368,25.938841201716738,14785.0,231315.0,246100.0,213100.0,363506.0,576606.0,0.5119829697621718,0.2593884120171674,0.5502478462972858,0.9518688858000337,0.5444644888405159
maharashtra,Osmanabad,3303,713,10,4026,17.70988574267263,3015.0,105818.0,108833.0,62688.0,92367.0,155055.0,0.09213267104630668,0.1770988574267263,0.24333654553463027,0.2559668648743236,0.17638183130467966
maharashtra,Palghar,7343,3191,165,10699,29.82521731002897,9003.0,113104.0,122107.0,91196.0,66756.0,157952.0,0.24487833909400966,0.29825217310028973,0.2730154968217094,0.26074927116590346,0.26702341555549836
maharashtra,Parbhani,5062,1011,199,6272,16.11926020408163,4432.0,112397.0,116829.0,77890.0,106136.0,184026.0,0.1435438459953762,0.1611926020408163,0.2612145698296043,0.3037925786034779,0.20353992629520218
maharashtra,Pune,24088,6536,1139,31763,20.577401378962946,32644.0,405834.0,438478.0,283480.0,322282.0,605762.0,0.7270355025522467,0.20577401378962948,0.9803802322175592,1.0,0.7019819757842056
maharashtra,Raigad,2585,743,105,3433,21.642877949315466,3584.0,38777.0,42361.0,4153.0,9872.0,14025.0,0.0785588390138943,0.21642877949315467,0.09471373026005415,0.023152657314258734,0.10517606604301426
maharashtra,Raigarh,4414,815,1,5230,15.583173996175908,4049.0,81818.0,85867.0,74452.0,82211.0,156663.0,0.11969235699407145,0.15583173996175909,0.19198753278345812,0.2586213727503541,0.17097204104512723
maharashtra,Raigarh(MH),72,16,0,88,18.181818181818183,8.0,845.0,853.0,24.0,476.0,500.0,0.001991439100876691,0.18181818181818185,0.0019071979394213118,0.0008254066778701866,0.0466980700633106
maharashtra,Ratnagiri,2352,219,32,2603,8.41336918939685,2652.0,50357.0,53009.0,56842.0,82347.0,139189.0,0.0595600521894385,0.08413369189396849,0.11852128437372136,0.22977506017214683,0.11153871014896924
maharashtra,Sangli,5697,1802,133,7632,23.61111111111111,3462.0,86422.0,89884.0,94241.0,128772.0,223013.0,0.17467438826195436,0.2361111111111111,0.20096902647941992,0.36815283890372785,0.23398818674609134
maharashtra,Satara,5148,717,156,6021,11.908320876930741,3951.0,94272.0,98223.0,103754.0,105815.0,209569.0,0.13779842973882392,0.11908320876930742,0.21961395451791269,0.34595930414915427,0.1911149043343286
maharashtra,Sindhudurg,1121,59,22,1202,4.908485856905158,1069.0,26823.0,27892.0,21284.0,27093.0,48377.0,0.027491015633941445,0.049084858569051586,0.062362913161007304,0.07986139771065204,0.05033793228847427
maharashtra,Solapur,9537,2495,260,12292,20.29775463716238,7735.0,257811.0,265546.0,154623.0,179884.0,334507.0,0.2813422757342001,0.20297754637162382,0.5937265932257582,0.552208623188645,0.37840122638275664
maharashtra,Thane,29092,13629,967,43688,31.19620948544223,36090.0,411163.0,447253.0,202896.0,368377.0,571273.0,1.0,0.3119620948544223,1.0,0.9430650981738703,0.8166035433483797
maharashtra,Wardha,1859,89,5,1953,4.5570916538658475,2320.0,28022.0,30342.0,41487.0,84972.0,126459.0,0.04468148419438277,0.045570916538658475,0.06784079704328422,0.20876020615357185,0.0823514492420698
maharashtra,Washim,3041,300,45,3386,8.860011813349084,1584.0,52290.0,53874.0,44911.0,93709.0,138620.0,0.07748300409732872,0.08860011813349085,0.12045531276481096,0.22883574737273055,0.11912729299494607
maharashtra,Washim *,28,4,0,32,12.5,6.0,989.0,995.0,60.0,779.0,839.0,0.0007095932428411197,0.125,0.0022246916174961376,0.0013850324054661732,0.03222030243958686
maharashtra,Yavatmal,6054,1339,201,7594,17.632341322096394,5104.0,191008.0,196112.0,92600.0,234587.0,327187.0,0.1738045642868588,0.17632341322096395,0.43848112813105783,0.5401246694246256,0.30063361031677827
manipur,Bishnupur,516,559,42,1117,50.044762757385854,5183.0,36872.0,42055.0,19678.0,10631.0,30309.0,0.025545356742280312,0.5004476275738585,0.09402955374251262,0.05003450199913497,0.16286559290159225
manipur,Chandel,244,510,5,759,67.19367588932806,1247.0,7742.0,8989.0,4719.0,3964.0,8683.0,0.017350699292695768,0.6719367588932806,0.020098244170525408,0.014334012367893662,0.18094338578344749
manipur,Churachandpur,1256,3274,108,4638,70.59077188443294,2734.0,16539.0,19273.0,11461.0,7351.0,18812.0,0.10614141506626684,0.7059077188443295,0.043091941250254326,0.0310551008481879,0.22845583340396422
manipur,Imphal East,559,564,9,1132,49.82332155477032,7534.0,48486.0,56020.0,36938.0,22336.0,59274.0,0.02588870831139698,0.49823321554770317,0.12525349187149107,0.09785031084815489,0.1782401123398439
manipur,Imphal West,645,559,32,1236,45.226537216828476,7316.0,52034.0,59350.0,36009.0,25302.0,61311.0,0.0282692791906059,0.4522653721682848,0.13269894220944298,0.10121301765379803,0.16974298273143146
manipur,Jiribam,53,91,1,145,62.758620689655174,305.0,1692.0,1997.0,452.0,1514.0,1966.0,0.00329617506352004,0.6275862068965518,0.004465034331798781,0.003245499057385574,0.15959231967420684
manipur,Kakching,39,69,1,109,63.30275229357798,600.0,2725.0,3325.0,1363.0,684.0,2047.0,0.00247213129764003,0.6330275229357798,0.007434270983090107,0.003379214939200544,0.16128482387257706
manipur,Pherzawl,1,10,0,11,90.9090909090909,14.0,162.0,176.0,2.0,0.0,2.0,0.00022890104607778056,0.9090909090909091,0.0003935132911349952,3.3016267114807466e-06,0.22743220562242378
manipur,Senapati,764,721,16,1501,48.0346435709527,4776.0,20734.0,25510.0,12619.0,9977.0,22596.0,0.03433515691166709,0.48034643570952706,0.05703706850485072,0.037301778586309474,0.1509716832646973
manipur,Tamenglong,297,634,29,960,66.04166666666667,2211.0,8220.0,10431.0,4067.0,3787.0,7854.0,0.021951610318859154,0.6604166666666668,0.02332237011266554,0.012965488095984891,0.1800448019199975
manipur,Thoubal,423,638,6,1067,59.79381443298969,7639.0,51605.0,59244.0,32794.0,23249.0,56043.0,0.02440085151189141,0.5979381443298969,0.13246193988637303,0.09251653289575774,0.20302052866806236
manipur,Ukhrul,343,424,14,781,54.289372599231754,1903.0,13273.0,15176.0,6363.0,7327.0,13690.0,0.017854281594066882,0.5428937259923176,0.0339315778765039,0.02259963484008571,0.15327867259932074
meghalaya,East Garo Hills,1012,3366,1674,6052,55.61797752808989,251.0,6094.0,6345.0,975.0,1749.0,2724.0,0.13850802298166504,0.5561797752808989,0.014186601319611048,0.004496815581036777,0.19125943524393707
meghalaya,East Jaintia Hills,983,2354,1796,5133,45.8601207870641,445.0,2949.0,3394.0,2042.0,740.0,2782.0,0.11747201684711699,0.45860120787064096,0.007588546080182805,0.004592562755669718,0.1582017296313217
meghalaya,East Khasi Hills,4258,14606,9948,28812,50.69415521310565,1876.0,14484.0,16360.0,8982.0,12022.0,21004.0,0.6594868038546936,0.5069415521310565,0.03657884910777569,0.034673683723970804,0.37180627594825616
meghalaya,Eastern West Khasi Hills,3,226,589,818,27.628361858190708,49.0,257.0,306.0,2.0,6.0,8.0,0.018701215464554673,0.2762836185819071,0.0006841765175415257,1.3206506845922986e-05,0.0757558066629484
meghalaya,Jaintia Hills,4,0,0,4,0.0,1.0,24.0,25.0,1.0,7.0,8.0,6.867031382333417e-05,0.0,5.589677430894818e-05,1.3206506845922986e-05,3.785526606914119e-05
meghalaya,Kamrup,13,71,59,143,49.65034965034965,0.0,0.0,0.0,0.0,0.0,0.0,0.003250394854304484,0.49650349650349657,0.0,0.0,0.1252635123248807
meghalaya,North Garo Hills,457,1854,758,3069,60.410557184750736,182.0,3650.0,3832.0,816.0,427.0,1243.0,0.07022684093666308,0.6041055718475073,0.008567857566075577,0.002051961001185284,0.17772975100316107
meghalaya,Ri Bhoi,1338,4598,3372,9308,49.39836699613236,866.0,7350.0,8216.0,2847.0,1677.0,4524.0,0.21303820358459039,0.4939836699613236,0.01836991590889273,0.0074682796213694485,0.20322692785098997
meghalaya,South Garo Hills,568,2427,1446,4441,54.64985363656834,250.0,3754.0,4004.0,584.0,701.0,1285.0,0.10163206445853457,0.5464985363656834,0.00895242737332114,0.0021212951621263796,0.17441060115899742
meghalaya,South West Garo Hills,2417,1656,883,4956,33.41404358353511,493.0,6689.0,7182.0,2485.0,2430.0,4915.0,0.11342046833154026,0.33414043583535114,0.016058025323474633,0.008113747643463934,0.12806662746826458
meghalaya,South West Khasi Hills,789,1543,1114,3446,44.77655252466628,643.0,4097.0,4740.0,1894.0,1538.0,3432.0,0.0788564103737954,0.4477655252466628,0.010598028408976574,0.005665591436900961,0.1427938489116696
meghalaya,West Garo Hills,4545,6790,4540,15875,42.77165354330709,1141.0,13829.0,14970.0,8275.0,25195.0,33470.0,0.3633575205438689,0.4277165354330709,0.03347098845619817,0.05525272301663029,0.2518490083431875
meghalaya,West Jaintia Hills,2382,5636,3798,11816,47.6980365605958,898.0,6562.0,7460.0,4302.0,1875.0,6177.0,0.27044658594089777,0.476980365605958,0.016679597453790135,0.010197074098408285,0.2192767307912434
meghalaya,West Khasi Hills,2410,8178,5310,15898,51.44043275883759,1331.0,9213.0,10544.0,3326.0,2728.0,6054.0,0.3638839929498478,0.5144043275883758,0.023575023532541983,0.00999402405565222,0.26267428894717954
mizoram,Aizawl,762,236,61,1059,22.285174693106704,1533.0,11359.0,12892.0,26633.0,11044.0,37677.0,0.02421773067502918,0.22285174693106705,0.028824848575638395,0.06219769480423004,0.08239365114500066
mizoram,Champhai,805,269,91,1165,23.09012875536481,576.0,5893.0,6469.0,11652.0,4316.0,15968.0,0.026644081763453658,0.23090128755364808,0.014463849320183431,0.02636018766446228,0.07521555790254995
mizoram,Hnahthial,2,0,0,2,0.0,4.0,43.0,47.0,10.0,7.0,17.0,2.2890104607778056e-05,0.0,0.00010508593570082257,2.8063827047586346e-05,3.46414891624041e-05
mizoram,Khawzawl,5,7,24,36,19.444444444444446,8.0,27.0,35.0,6.0,2.0,8.0,0.0008011536612722319,0.19444444444444448,7.825548403252745e-05,1.3206506845922986e-05,0.04890980729073209
mizoram,Kolasib,189,51,35,275,18.545454545454547,678.0,3189.0,3867.0,8032.0,2899.0,10931.0,0.006271888662531187,0.18545454545454548,0.008646113050108104,0.01804504079159802,0.053897028163863506
mizoram,Lawngtlai,1164,381,97,1642,23.203410475030452,391.0,4004.0,4395.0,8990.0,4440.0,13430.0,0.03756266166136379,0.23203410475030453,0.009826652923513089,0.022170423367593214,0.07755487302727473
mizoram,Lunglei,541,116,69,726,15.977961432506888,1087.0,6236.0,7323.0,10249.0,5040.0,15289.0,0.01659532584063909,0.15977961432506887,0.0163732831305771,0.02523928539591457,0.05407578133078923
mizoram,Mamit,141,27,3,171,15.789473684210526,330.0,1479.0,1809.0,8827.0,1888.0,10715.0,0.0038913177833222695,0.15789473684210525,0.0040446905889954905,0.0176884651067581,0.04518227657383983
mizoram,Mammit,71,8,0,79,10.126582278481013,35.0,601.0,636.0,1723.0,1134.0,2857.0,0.0017854281594066885,0.10126582278481014,0.0014220139384196417,0.004716373757350246,0.027169033091148855
mizoram,Saiha,374,181,102,657,27.54946727549467,215.0,1636.0,1851.0,4477.0,1279.0,5756.0,0.015015908622702405,0.2754946727549467,0.004138597169834523,0.009502081675641589,0.07685737197577774
mizoram,Saitual,2,3,7,12,25.0,8.0,119.0,127.0,37.0,40.0,77.0,0.0002517911506855586,0.25,0.00028395561348945673,0.00012711262839200876,0.06267034055111624
mizoram,Serchhip,80,16,6,102,15.686274509803921,437.0,2018.0,2455.0,4895.0,2709.0,7604.0,0.002311900565385584,0.1568627450980392,0.005489063237138711,0.012552784757049799,0.04363322107123246
nagaland,Chumukedima,37,97,50,184,52.71739130434783,254.0,1583.0,1837.0,245.0,406.0,651.0,0.004188889143223384,0.5271739130434783,0.0041072949762215125,0.001074679494586983,0.13429598435515944
nagaland,Dimapur,1118,1802,276,3196,56.38297872340425,817.0,7398.0,8215.0,9331.0,15892.0,25223.0,0.0731338842218509,0.5638297872340425,0.018367680037920373,0.04163846527183943,0.17855553534811042
nagaland,Kiphire,163,693,52,908,76.3215859030837,261.0,1697.0,1958.0,1576.0,2734.0,4310.0,0.020761324879254698,0.763215859030837,0.004377835363876821,0.007115005563241009,0.20036899665087196
nagaland,Kohima,562,952,107,1621,58.72917951881554,276.0,3032.0,3308.0,3226.0,10727.0,13953.0,0.03708196946460045,0.5872917951881554,0.007396261176560023,0.02303379875264543,0.1658876500954901
nagaland,Longleng,205,636,48,889,71.54105736782903,132.0,688.0,820.0,671.0,2003.0,2674.0,0.020326412891706915,0.7154105736782903,0.0018334141973335002,0.004414274913249758,0.18721642575378664
nagaland,Meluri,2,13,2,17,76.47058823529412,8.0,88.0,96.0,160.0,705.0,865.0,0.0003662416737244489,0.7647058823529411,0.000214643613346361,0.001427953552715423,0.19163317460725118
nagaland,Mokokchung,132,315,43,490,64.28571428571429,189.0,2507.0,2696.0,2120.0,6425.0,8545.0,0.011193261153203468,0.6428571428571429,0.006027908141476972,0.01410620012480149,0.16865874877116263
nagaland,Mon,618,1434,171,2223,64.50742240215924,837.0,3825.0,4662.0,5267.0,8777.0,14044.0,0.05086181243848284,0.6450742240215924,0.010423630473132656,0.0231840227680178,0.18579172100709718
nagaland,Niuland,14,15,2,31,48.38709677419355,57.0,316.0,373.0,110.0,175.0,285.0,0.0006867031382333416,0.48387096774193555,0.0008339798726895068,0.0004704818063860064,0.12146898036968067
nagaland,Noklak,70,246,38,354,69.49152542372882,62.0,385.0,447.0,227.0,520.0,747.0,0.008080206926545654,0.6949152542372882,0.0009994343246439933,0.001233157576738059,0.17700340436388945
nagaland,Peren,511,843,100,1454,57.97799174690509,391.0,1413.0,1804.0,1819.0,2765.0,4584.0,0.033259321995101516,0.5797799174690509,0.0040335112341337,0.007567328422713871,0.15890590999691778
nagaland,Phek,309,695,39,1043,66.63470757430488,155.0,1313.0,1468.0,1620.0,7138.0,8758.0,0.023851489001304734,0.6663470757430489,0.003282258587421437,0.014457823369574189,0.178482806477618
nagaland,Shamator,3,221,23,247,89.47368421052632,51.0,382.0,433.0,36.0,134.0,170.0,0.005630965733513402,0.8947368421052632,0.0009681321310309824,0.00028063827047586343,0.22590480261334686
nagaland,Tseminyu,7,15,10,32,46.875,7.0,84.0,91.0,53.0,133.0,186.0,0.0007095932428411197,0.46875,0.00020346425848457136,0.0003070512841677094,0.11753796074352485
nagaland,Tuensang,512,983,84,1579,62.254591513616205,464.0,3775.0,4239.0,2650.0,7058.0,9708.0,0.036120585071073776,0.6225459151361621,0.009477857051825253,0.016026096057527545,0.17337947418078692
nagaland,Wokha,118,410,30,558,73.47670250896059,132.0,1773.0,1905.0,1973.0,4954.0,6927.0,0.012749788266532378,0.7347670250896059,0.004259334202341851,0.011435184115213565,0.19129308582919888
nagaland,Zunheboto,131,583,47,761,76.60972404730617,221.0,2218.0,2439.0,1477.0,6486.0,7963.0,0.01739647950191132,0.7660972404730617,0.005453289301580984,0.013145426751760593,0.20133282115460271
odisha,ANGUL,1,0,0,1,0.0,1.0,8.0,9.0,3.0,2.0,5.0,0.0,0.0,2.0122838751221344e-05,8.254066778701866e-06,5.675381105984642e-06
odisha,ANUGUL,12,1,0,13,7.6923076923076925,4.0,141.0,145.0,80.0,165.0,245.0,0.00027468125529333664,0.07692307692307693,0.00032420129099189945,0.0004044492721563915,0.01947263778275156
odisha,Angul,2582,413,14,3009,13.725490196078432,4007.0,25448.0,29455.0,32301.0,31747.0,64048.0,0.06885343466019639,0.13725490196078433,0.06585757949080275,0.10573129380845943,0.09273020228111727
odisha,Anugal,1,2,0,3,66.66666666666666,0.0,11.0,11.0,0.0,4.0,4.0,4.578020921555612e-05,0.6666666666666666,2.45945806959372e-05,6.603253422961493e-06,0.1666889293067159
odisha,Anugul,117,26,0,143,18.181818181818183,75.0,1383.0,1458.0,357.0,1297.0,1654.0,0.003250394854304484,0.18181818181818185,0.0032598998776978577,0.0027304452903945775,0.04779025268717052
odisha,Balangir,4254,924,56,5234,17.65380206343141,4999.0,32805.0,37804.0,46325.0,42647.0,88972.0,0.11978391741250256,0.1765380206343141,0.08452486623901907,0.1468761658869325,0.13233908267814473
odisha,Baleshwar,641,204,0,845,24.142011834319526,767.0,9516.0,10283.0,5494.0,15570.0,21064.0,0.01931924828896468,0.24142011834319527,0.022991461208756565,0.03477273252531522,0.07866960523375081
odisha,Baleswar,4864,1147,4,6015,19.068994181213633,8027.0,35181.0,43208.0,60252.0,44411.0,104663.0,0.13766108911117725,0.19068994181213633,0.09660751297364131,0.17277907825185468,0.14973118488704532
odisha,Bargarh,4329,818,3,5150,15.883495145631068,4540.0,30165.0,34705.0,41870.0,38922.0,80792.0,0.1178611486254492,0.15883495145631069,0.07759590209568186,0.13337251263697625,0.12315382282951652
odisha,Baudh,138,33,0,171,19.298245614035086,59.0,1067.0,1126.0,936.0,3904.0,4840.0,0.0038913177833222695,0.19298245614035087,0.002517590714875026,0.007989936641783407,0.0517090807305822
odisha,Bhadrak,3369,1137,14,4520,25.15486725663717,6869.0,33174.0,40043.0,51497.0,40578.0,92075.0,0.10344038272254903,0.2515486725663717,0.08953098134612847,0.15199863972979488,0.14739722630966975
odisha,Boudh,1177,245,2,1424,17.20505617977528,1352.0,7835.0,9187.0,12444.0,11863.0,24307.0,0.03257261885686817,0.1720505617977528,0.020540946623052277,0.04012632023798125,0.06654651042154877
odisha,Cuttack,4040,1025,15,5080,20.177165354330707,5831.0,42805.0,48636.0,65497.0,69264.0,134761.0,0.11625884130290474,0.2017716535433071,0.10874382061160014,0.22246525863292843,0.15737532369074914
odisha,Debagarh,776,95,5,876,10.844748858447488,1020.0,6962.0,7982.0,8406.0,7841.0,16247.0,0.0200288415318058,0.10844748858447488,0.017846722101360974,0.026820764590713846,0.04305546402066571
odisha,Dhenkanal,2358,525,8,2891,18.159806295399516,4436.0,24867.0,29303.0,37411.0,38664.0,76075.0,0.06615240231647858,0.18159806295399517,0.06551772710300434,0.1255856260379489,0.10677352717745694
odisha,Gajapati,1658,318,18,1994,15.947843530591776,3254.0,18070.0,21324.0,30076.0,28866.0,58942.0,0.04561997848330167,0.15947843530591777,0.047677712614560434,0.09730224081404908,0.08483259198135693
odisha,Ganjam,6709,996,9,7714,12.911589318122893,12562.0,82023.0,94585.0,94544.0,87307.0,181851.0,0.17655137683979216,0.12911589318122893,0.21147985592047452,0.3002020595547426,0.19640833828427792
odisha,JAJPUR,1967,456,49,2472,18.446601941747574,2586.0,15996.0,18582.0,20905.0,15643.0,36548.0,0.05656144848581958,0.18446601941747573,0.041546954408355,0.060333926525599164,0.08628918801119662
odisha,Jagatsinghapur,2821,304,24,3149,9.653858367735788,2499.0,13109.0,15608.0,26284.0,21891.0,48175.0,0.07205804930528532,0.09653858367735789,0.03489747413656252,0.07952793341279248,0.07224004468606034
odisha,Jagatsinghpur,626,68,0,694,9.798270893371757,230.0,4943.0,5173.0,2860.0,9233.0,12093.0,0.015862842493190192,0.09798270893371758,0.011566160540007557,0.019963285910968333,0.03635356139624114
odisha,Jajapur,2014,481,2,2497,19.263115738886665,3818.0,22431.0,26249.0,28109.0,31245.0,59354.0,0.057133701101014026,0.19263115738886666,0.058689377153423226,0.09798237591661411,0.09948893534657904
odisha,Jajpur,10,7,0,17,41.17647058823529,6.0,229.0,235.0,85.0,201.0,286.0,0.0003662416737244489,0.4117647058823529,0.0005254296785041129,0.00047213261974174674,0.10326887351604097
odisha,Jharsuguda,1071,86,0,1157,7.433016421780467,1824.0,14847.0,16671.0,13418.0,12371.0,25789.0,0.026460960926591434,0.07433016421780467,0.037274204980179006,0.042572825631188485,0.04381328350103166
odisha,Kalahandi,3350,1071,64,4485,23.879598662207357,5491.0,41886.0,47377.0,42854.0,52056.0,94910.0,0.1026392290612768,0.23879598662207357,0.10592885905740151,0.15667869559331882,0.14814423775710933
odisha,Kandhamal,2603,438,8,3049,14.365365693670057,4717.0,27055.0,31772.0,28755.0,30958.0,59713.0,0.06976903884450751,0.14365365693670057,0.07103809253375606,0.0985750179113249,0.09425519991876896
odisha,Kendrapara,3161,753,48,3962,19.00555275113579,5322.0,34358.0,39680.0,39525.0,38623.0,78148.0,0.09066770435140888,0.19005552751135793,0.08871936018316255,0.12900776212439868,0.12279300286234483
odisha,Kendujhar,4330,1032,15,5377,19.192858471266504,7193.0,46872.0,54065.0,47370.0,54574.0,101944.0,0.12305720237141483,0.19192858471266505,0.12088236412053133,0.16829051673759662,0.14888674317978706
odisha,Khorda,3496,654,165,4315,15.15643105446118,5724.0,31869.0,37593.0,48459.0,45859.0,94318.0,0.09874791127795453,0.1515643105446118,0.08405309746385155,0.15570141408672053,0.12040374889355146
odisha,Khordha,385,98,13,496,19.758064516129032,179.0,4429.0,4608.0,1672.0,7323.0,8995.0,0.011330601780850137,0.1975806451612903,0.010302893440625328,0.014849066134884658,0.058391263828722124
odisha,Koraput,3172,1165,46,4383,26.579968058407484,4920.0,36510.0,41430.0,47162.0,56820.0,103982.0,0.10030443839128345,0.2657996805840748,0.09263213438478891,0.1716548743565955,0.1544138753312448
odisha,Malkangiri,2333,486,4,2823,17.215727948990438,3367.0,17487.0,20854.0,27302.0,20713.0,48015.0,0.06459587520314967,0.1721572794899044,0.04662685325755221,0.07926380327587403,0.09082600750026373
odisha,Mayurbhanj,6227,1860,35,8122,22.900763358778626,9764.0,61707.0,71471.0,77366.0,79552.0,156918.0,0.1858905395197656,0.22900763358778625,0.1597999342653934,0.25904233015606787,0.20608205011315678
odisha,NUAPADA,35,4,0,39,10.256410256410255,9.0,344.0,353.0,70.0,225.0,295.0,0.0008698239750955661,0.10256410256410256,0.0007892624532423483,0.0004869899399434101,0.02620071451094624
odisha,Nabarangapur,4174,1990,65,6229,31.947343072724355,4234.0,37588.0,41822.0,45252.0,45323.0,90575.0,0.14255957149724174,0.31947343072724355,0.09350859580595323,0.14952241969618432,0.178370410806273
odisha,Nabarangpur,327,103,12,442,23.30316742081448,0.0,0.0,0.0,0.0,0.0,0.0,0.010094536132030122,0.2330316742081448,0.0,0.0,0.06179100619824674
odisha,Nayagarh,2080,271,11,2362,11.47332768839966,3399.0,19496.0,22895.0,30128.0,30707.0,60835.0,0.05404353697896399,0.11473327688399661,0.05119026591213474,0.10042723049646561,0.07792205644535662
odisha,Nuapada,1666,413,2,2081,19.846227775108122,2464.0,15426.0,17890.0,23036.0,23620.0,46656.0,0.047611417584178355,0.19846227775108122,0.039999731695483313,0.07702034792542285,0.08968358151641395
odisha,Puri,2959,548,4,3511,15.60808886357163,3861.0,26976.0,30837.0,36327.0,35154.0,71481.0,0.08034426717330098,0.15608088863571631,0.0689475531746014,0.11800178948167762,0.10453058420084022
odisha,Rayagada,2370,672,3,3045,22.06896551724138,4156.0,27317.0,31473.0,29519.0,29352.0,58871.0,0.0696774784260764,0.22068965517241382,0.07036956711302104,0.09718503306579152,0.11307045127799271
odisha,Sambalpur,2234,317,1,2552,12.421630094043886,3679.0,26399.0,30078.0,26666.0,25524.0,52190.0,0.058392656854441824,0.12421630094043887,0.06725052710658173,0.08615594903609008,0.08217280036269872
odisha,Sonapur,1266,221,1,1488,14.85215053763441,2173.0,10990.0,13163.0,15279.0,10976.0,26255.0,0.03403758555176597,0.1485215053763441,0.029430769609147395,0.0433421046549635,0.06359810614002628
odisha,Subarnapur,339,60,0,399,15.037593984962406,290.0,4019.0,4309.0,1902.0,4573.0,6475.0,0.009110261633895667,0.15037593984962405,0.009634368019890307,0.010689016478418916,0.044847253433931346
odisha,Sundargarh,486,105,0,591,17.766497461928935,398.0,6626.0,7024.0,3142.0,11889.0,15031.0,0.013505161718589053,0.17766497461928935,0.01570475770984208,0.024813375550133552,0.057246676908323635
odisha,Sundergarh,3341,640,19,4000,16.0,5523.0,37152.0,42675.0,47566.0,46692.0,94258.0,0.09153752832650444,0.16,0.09541579374537454,0.1556023652853761,0.12224176672042666
odisha,jajpur,14,4,0,18,22.22222222222222,17.0,137.0,154.0,86.0,126.0,212.0,0.00038913177833222693,0.2222222222222222,0.0003443241297431208,0.0003499724314169591,0.055830610990203845
orissa,Anugul,42,9,0,51,17.647058823529413,15.0,195.0,210.0,57.0,149.0,206.0,0.001144505230388903,0.17647058823529413,0.0004695329041951647,0.0003400675512825169,0.044680143980555184
orissa,Balangir,328,108,0,436,24.770642201834864,241.0,4549.0,4790.0,2473.0,9600.0,12073.0,0.009957195504383454,0.24770642201834864,0.01070982195759447,0.019930269643853527,0.07153964225141096
orissa,Baleshwar,337,47,0,384,12.239583333333332,241.0,1763.0,2004.0,1068.0,2704.0,3772.0,0.008766910064778996,0.12239583333333333,0.004480685428605286,0.006226867977852688,0.03580888753729758
orissa,Baleswar,2,1,0,3,33.33333333333333,0.0,6.0,6.0,6.0,5.0,11.0,4.578020921555612e-05,0.3333333333333333,1.3415225834147562e-05,1.8158946913144105e-05,0.08335567124110824
orissa,Bargarh,82,7,0,89,7.865168539325842,44.0,722.0,766.0,260.0,755.0,1015.0,0.002014329205484469,0.07865168539325842,0.0017126771648261721,0.0016755755560764788,0.021045587114414697
orissa,Baudh,4,0,0,4,0.0,0.0,4.0,4.0,0.0,5.0,5.0,6.867031382333417e-05,0.0,8.943483889431708e-06,8.254066778701866e-06,2.7474119971793674e-05
orissa,Bhadrak,332,39,0,371,10.512129380053908,245.0,2362.0,2607.0,1564.0,4041.0,5605.0,0.00846933870487788,0.10512129380053908,0.0058289156249371156,0.009252808858924792,0.03226093689361441
orissa,Cuttack,265,57,0,322,17.70186335403727,97.0,1938.0,2035.0,1033.0,5274.0,6307.0,0.007347723579096755,0.1770186335403727,0.0045499974287483815,0.010411679834654535,0.04981869709045762
orissa,Debagarh,7,0,0,7,0.0,0.0,7.0,7.0,2.0,3.0,5.0,0.00013734062764666835,0.0,1.565109680650549e-05,8.254066778701866e-06,5.285025239337538e-05
orissa,Dhenkanal,108,18,0,126,14.285714285714285,46.0,634.0,680.0,441.0,1131.0,1572.0,0.0028612630759722573,0.14285714285714285,0.0015203922612033905,0.002595078595223867,0.03753882196216145
orissa,Gajapati,8,0,0,8,0.0,1.0,63.0,64.0,9.0,57.0,66.0,0.0001602307322544464,0.0,0.00014309574223090734,0.00010895368147886463,0.00010649064103101063
orissa,Ganjam,354,48,0,402,11.940298507462686,328.0,3926.0,4254.0,1719.0,5292.0,7011.0,0.009178931947719,0.11940298507462686,0.009511395116410621,0.011573852437095756,0.03728042196105965
orissa,Jagatsinghapur,31,4,0,35,11.428571428571429,3.0,78.0,81.0,57.0,170.0,227.0,0.0007782635566644539,0.1142857142857143,0.0001811055487609921,0.00037473463175306473,0.028954988852363948
orissa,Jajapur,93,18,0,111,16.216216216216218,51.0,433.0,484.0,165.0,594.0,759.0,0.0025179115068555864,0.16216216216216217,0.0010821615506212366,0.0012529673370069434,0.041888835345465635
orissa,Jharsuguda,25,0,0,25,0.0,12.0,103.0,115.0,20.0,47.0,67.0,0.0005493625105866734,0.0,0.00025712516182116164,0.00011060449483460501,0.000265822810036489
orissa,Kalahandi,11,0,0,11,0.0,0.0,18.0,18.0,3.0,11.0,14.0,0.00022890104607778056,0.0,4.024567750244269e-05,2.3111386980365225e-05,9.278677902378476e-05
orissa,Kandhamal,30,2,0,32,6.25,12.0,261.0,273.0,39.0,187.0,226.0,0.0007095932428411197,0.0625,0.0006103927754537141,0.0003730838183973244,0.0160700529537646
orissa,Kendrapara,49,4,0,53,7.547169811320755,18.0,221.0,239.0,47.0,191.0,238.0,0.001190285439604459,0.07547169811320754,0.0005343731623935446,0.0003928935786662088,0.0194699777803754
orissa,Kendrapara *,1,0,0,1,0.0,0.0,0.0,0.0,0.0,0.0,0.0,0.0,0.0,0.0,0.0,0.0
orissa,Kendujhar,39,10,0,49,20.408163265306122,12.0,361.0,373.0,53.0,236.0,289.0,0.0010987250211733468,0.20408163265306123,0.0008339798726895068,0.00047708505980896787,0.05166717490717567
orissa,Khorda,1,1,0,2,50.0,0.0,5.0,5.0,2.0,2.0,4.0,2.2890104607778056e-05,0.5,1.1179354861789636e-05,6.603253422961493e-06,0.12501156805826968
orissa,Khordha,629,97,0,726,13.360881542699724,205.0,3843.0,4048.0,1868.0,11761.0,13629.0,0.01659532584063909,0.13360881542699724,0.00905080569610489,0.022498935225385548,0.04552051608527108
orissa,Koraput,94,25,0,119,21.008403361344538,31.0,799.0,830.0,229.0,1000.0,1229.0,0.0027010323437178106,0.21008403361344538,0.0018557729070570795,0.002028849614204919,0.05424329422791498
orissa,Malkangiri,40,7,0,47,14.893617021276595,15.0,203.0,218.0,51.0,170.0,221.0,0.0010529448119577906,0.14893617021276595,0.0004874198719740281,0.0003648297516186225,0.03777302316209524
orissa,Mayurbhanj,31,1,0,32,3.125,6.0,44.0,50.0,12.0,55.0,67.0,0.0007095932428411197,0.03125,0.00011179354861789636,0.00011060449483460501,0.00810533724368489
orissa,Nabarangapur,1,2,0,3,66.66666666666666,1.0,13.0,14.0,0.0,11.0,11.0,4.578020921555612e-05,0.6666666666666666,3.130219361301098e-05,1.8158946913144105e-05,0.16669258196799733
orissa,Nayagarh,92,12,0,104,11.538461538461538,47.0,570.0,617.0,361.0,827.0,1188.0,0.0023576807746011398,0.11538461538461539,0.0013795323899448411,0.0019611662666195635,0.030339481848577127
orissa,Nuapada,2,0,0,2,0.0,0.0,2.0,2.0,0.0,2.0,2.0,2.2890104607778056e-05,0.0,4.471741944715854e-06,3.3016267114807466e-06,9.566210343961639e-06
orissa,Puri,194,26,0,220,11.818181818181818,115.0,1911.0,2026.0,861.0,2581.0,3442.0,0.005012932909103394,0.11818181818181818,0.00452987458999716,0.005682099570458365,0.033342375895731836
orissa,Rayagada,146,35,0,181,19.337016574585636,23.0,875.0,898.0,162.0,1266.0,1428.0,0.00412021882940005,0.19337016574585636,0.0020078121331774186,0.002357361471997253,0.05065765274778904
orissa,Sambalpur,21,4,0,25,16.0,11.0,231.0,242.0,22.0,110.0,132.0,0.0005493625105866734,0.16,0.0005410807753106183,0.00021790736295772926,0.040344074506359004
orissa,Sonapur,22,0,0,22,0.0,10.0,94.0,104.0,18.0,52.0,70.0,0.00048069219676333914,0.0,0.0002325305811252244,0.00011555693490182612,0.00023785977207257882
orissa,Subarnapur,6,0,0,6,0.0,4.0,47.0,51.0,12.0,18.0,30.0,0.00011445052303889029,0.0,0.00011402941959025428,4.95244006722112e-05,7.276844711610471e-05
orissa,Sundargarh,121,18,0,139,12.949640287769784,19.0,617.0,636.0,180.0,976.0,1156.0,0.003158834435873372,0.12949640287769784,0.0014220139384196417,0.0019083402392358715,0.03414576360751124
orissa,Sundergarh,0,1,0,1,100.0,0.0,1.0,1.0,0.0,2.0,2.0,0.0,1.0,2.235870972357927e-06,3.3016267114807466e-06,0.25000110749953675
pondicherry,Karaikal,154,8,0,162,4.938271604938271,34.0,870.0,904.0,160.0,2573.0,2733.0,0.0036853068418522673,0.04938271604938271,0.002021227359011566,0.00451167290123844,0.014942116459043973
pondicherry,Pondicherry,1015,69,0,1084,6.365313653136531,572.0,5755.0,6327.0,5050.0,19668.0,24718.0,0.024789983290223635,0.06365313653136531,0.014146355642108605,0.04080480452719055,0.03558001031827943
pondicherry,Yanam,24,2,0,26,7.6923076923076925,1.0,227.0,228.0,5.0,117.0,122.0,0.0005722526151944514,0.07692307692307693,0.0005097785816976074,0.00020139922940032553,0.019573293208306877
puducherry,Karaikal,363,30,12,405,7.4074074074074066,1337.0,4081.0,5418.0,5587.0,7926.0,13513.0,0.009247602261542335,0.07407407407407407,0.012113948928235248,0.022307440876119664,0.028639457270929317
puducherry,Pondicherry,3,0,0,3,0.0,6.0,21.0,27.0,6.0,47.0,53.0,4.578020921555612e-05,0.0,6.036851625366403e-05,8.749310785423978e-05,4.559539804702541e-05
puducherry,Puducherry,1213,85,32,1330,6.390977443609022,2736.0,17038.0,19774.0,16187.0,12467.0,28654.0,0.030420949023737036,0.06390977443609022,0.04421211260740565,0.047302405895384654,0.04492767946788858
puducherry,Yanam,6,1,0,7,14.285714285714285,10.0,75.0,85.0,48.0,53.0,101.0,0.00013734062764666835,0.14285714285714285,0.0001900490326504238,0.0001667321489297777,0.03583371117027808
punjab,Amritsar,7633,1775,247,9655,18.38425686172967,6399.0,92676.0,99075.0,56802.0,98206.0,155008.0,0.22098106988348937,0.18384256861729673,0.22151891658636164,0.25588927664660377,0.21878565526013855
punjab,Barnala,926,79,8,1013,7.7986179664363275,677.0,12827.0,13504.0,16109.0,19430.0,35539.0,0.023164785863071392,0.07798617966436328,0.03019320161072145,0.058668255849657125,0.04537651146024152
punjab,Bathinda,2388,298,18,2704,11.020710059171597,2044.0,35376.0,37420.0,42639.0,54101.0,96740.0,0.061871952754824086,0.11020710059171597,0.08366629178563363,0.15969968403432372,0.0978801537761089
punjab,Faridkot,793,99,10,902,10.975609756097562,826.0,13896.0,14722.0,15023.0,24389.0,39412.0,0.020623984251608028,0.10975609756097562,0.0329164924550534,0.0650618559764396,0.05425308856460531
punjab,Fatehgarh Sahib,891,144,13,1048,13.740458015267176,932.0,14414.0,15346.0,17318.0,20081.0,37399.0,0.023965939524343626,0.13740458015267176,0.03431167594180475,0.06173876869133422,0.061949312798316
punjab,Fazilka,1630,271,10,1911,14.181057038199896,2036.0,29626.0,31662.0,29691.0,31704.0,61395.0,0.04372009980085609,0.14181057038199896,0.07079214672679669,0.10135168597568021,0.08518344406629474
punjab,Ferozepur,1262,114,5,1381,8.254887762490949,1875.0,26320.0,28195.0,24604.0,30726.0,55330.0,0.03158834435873372,0.08254887762490949,0.06304038206563176,0.09133950297311486,0.06256911693953349
punjab,Firozpur,347,48,0,395,12.151898734177214,159.0,6365.0,6524.0,1965.0,9515.0,11480.0,0.009018701215464555,0.12151898734177215,0.014586822223663117,0.018951337323899486,0.04024392417036815
punjab,Gurdaspur,4436,558,126,5120,10.8984375,4847.0,67125.0,71972.0,40136.0,79099.0,119235.0,0.11717444548721587,0.10898437500000001,0.16092010562254472,0.1968347304717034,0.1398081168893752
punjab,Hoshiarpur,3515,401,218,4134,9.700048379293662,3118.0,43431.0,46549.0,33856.0,58908.0,92764.0,0.0946048023439467,0.09700048379293662,0.10407755789228915,0.1531360501319,0.10880452337345332
punjab,Jalandhar,3314,732,72,4118,17.7756192326372,2995.0,48136.0,51131.0,50422.0,90848.0,141270.0,0.09423856067022225,0.17775619232637202,0.11432231868763316,0.23321040276544253,0.14692908860678594
punjab,Kapurthala,2067,446,1213,3726,11.969940955448202,771.0,13101.0,13872.0,18246.0,35857.0,54103.0,0.08526563966397326,0.11969940955448202,0.031016002128549165,0.08931395498562142,0.08383381769384526
punjab,Ludhiana,12209,4573,832,17614,25.962302713750425,7364.0,112339.0,119703.0,81491.0,109436.0,190927.0,0.40316341245679493,0.25962302713750424,0.26764046300416094,0.3151848415714423,0.3225780120593749
punjab,Malerkotla,711,146,8,865,16.878612716763005,1037.0,14062.0,15099.0,5712.0,8075.0,13787.0,0.01977705038112024,0.16878612716763006,0.03375941581163234,0.022759763735592527,0.06042233533474457
punjab,Mansa,998,107,19,1124,9.519572953736654,1368.0,22187.0,23555.0,22379.0,36660.0,59039.0,0.025705587474534757,0.09519572953736655,0.05266594075389097,0.0974623697095559,0.06282155009311818
punjab,Moga,1335,159,41,1535,10.35830618892508,1304.0,22742.0,24046.0,23084.0,38260.0,61344.0,0.03511342046833154,0.10358306188925082,0.05376375340131872,0.10126749449453745,0.06919171221539998
punjab,Muktsar,306,28,0,334,8.383233532934131,102.0,3449.0,3551.0,923.0,7956.0,8879.0,0.007622404834390093,0.08383233532934131,0.007939577822842998,0.014657571785618774,0.028145355446064214
punjab,Nawanshahr,169,23,0,192,11.979166666666668,27.0,2931.0,2958.0,179.0,4010.0,4189.0,0.004372009980085609,0.11979166666666669,0.006613706336234749,0.006915257147196424,0.03418391285638287
punjab,Pathankot,1033,67,15,1115,6.00896860986547,1276.0,13220.0,14496.0,12987.0,13609.0,26596.0,0.025499576533064755,0.060089686098654706,0.032411185615300514,0.04390503200927097,0.039210516836150636
punjab,Patiala,4298,769,83,5150,14.932038834951456,7390.0,81662.0,89052.0,54972.0,64339.0,119311.0,0.1178611486254492,0.14932038834951455,0.19910878183041814,0.19696019228673967,0.15779529392971742
punjab,Rupnagar,1140,93,13,1246,7.463884430176565,1006.0,12699.0,13705.0,17432.0,28021.0,45453.0,0.02849818023668368,0.07463884430176565,0.03064261167616539,0.07503441945846719,0.04976948038520722
punjab,S.A.S Nagar,493,164,48,705,23.26241134751773,0.0,0.0,0.0,0.0,0.0,0.0,0.01611463364387575,0.2326241134751773,0.0,0.0,0.06379615014415084
punjab,S.A.S Nagar(Mohali),241,36,0,277,12.996389891696749,50.0,2271.0,2321.0,351.0,2384.0,2735.0,0.006317668871746744,0.1299638989169675,0.0051894565268427485,0.004514974527949921,0.03664304504531177
punjab,SAS Nagar (Mohali),2398,493,62,2953,16.6948865560447,4590.0,53482.0,58072.0,30755.0,27086.0,57841.0,0.06757158880216083,0.166948865560447,0.12984149910676954,0.09548469530937893,0.11045251135409773
punjab,Sangrur,2087,203,39,2329,8.71618720480893,1404.0,28511.0,29915.0,37125.0,45345.0,82470.0,0.053288163526907316,0.08716187204808931,0.06688608013808739,0.13614257744790859,0.08104705676363907
punjab,Shaheed Bhagat Singh Nagar,801,101,44,946,10.676532769556026,569.0,5775.0,6344.0,13729.0,16771.0,30500.0,0.021631148854350263,0.10676532769556026,0.01418436544863869,0.050349807350081384,0.04716906858265667
punjab,Sri Muktsar Sahib,1157,150,8,1315,11.406844106463879,1544.0,20147.0,21691.0,25553.0,30670.0,56223.0,0.030077597454620367,0.11406844106463879,0.0484982772614158,0.09281367929979101,0.06730666068751819
punjab,Tarn Taran,2646,273,20,2939,9.288873766587274,1156.0,26259.0,27415.0,26674.0,54028.0,80702.0,0.06725112733765193,0.09288873766587274,0.061296402707192575,0.1332239394349596,0.0856641474130768
rajasthan,Ajmer,9200,2787,148,12135,22.96662546353523,12323.0,111713.0,124036.0,78270.0,63588.0,141858.0,0.2777485293107789,0.2296662546353523,0.27732849192738784,0.23418108101861787,0.2569304635068118
rajasthan,Alwar,15764,7314,305,23383,31.279134413890436,15411.0,129333.0,144744.0,124960.0,98489.0,223449.0,0.5352164259390665,0.31279134413890436,0.3236289080229758,0.36887259352683066,0.40402388542336065
rajasthan,Balotra,1,0,0,1,0.0,26.0,477.0,503.0,0.0,6.0,6.0,0.0,0.0,0.0011246430990960374,9.90488013444224e-06,0.00022690959584609593
rajasthan,Banswara,4203,3030,30,7263,41.718298223874434,5054.0,96240.0,101294.0,52757.0,40954.0,93711.0,0.16622793966168425,0.41718298223874434,0.22648031427402388,0.15469937037978612,0.23871146137203755
rajasthan,Baran,4532,1658,77,6267,26.45603957236317,6373.0,72385.0,78758.0,41044.0,39212.0,80256.0,0.14342939547233732,0.2645603957236317,0.17609272604096562,0.1324876766782994,0.17805646789007898
rajasthan,Barmer,10522,5233,96,15851,33.013689988013375,9913.0,101808.0,111721.0,114905.0,81860.0,196765.0,0.3628081580332822,0.3301368998801338,0.2497937409028,0.32482228994225454,0.3244402864506931
rajasthan,Beawar,1,0,0,1,0.0,24.0,486.0,510.0,2.0,6.0,8.0,0.0,0.0,0.001140294195902543,1.3206506845922986e-05,0.0002307001405496932
rajasthan,Bharatpur,10236,6643,175,17054,38.95273836050194,9983.0,95080.0,105063.0,78011.0,63144.0,141155.0,0.3903449538764392,0.38952738360501943,0.2349073119688409,0.23302055922953238,0.3275881539976832
rajasthan,Bhilwara,7865,3035,183,11083,27.384282234052154,7046.0,90693.0,97739.0,63856.0,56163.0,120019.0,0.25366813926339643,0.27384282234052154,0.21853179296729144,0.19812896814260386,0.2405767065492982
rajasthan,Bikaner,7464,5620,199,13283,42.30971918994203,9014.0,72638.0,81652.0,62218.0,68653.0,130871.0,0.30402636940050815,0.4230971918994203,0.18256333663496946,0.2160435946790984,0.29190491352784653
rajasthan,Bundi,3414,1334,124,4872,27.380952380952383,4316.0,44385.0,48701.0,32954.0,29903.0,62857.0,0.1114976995444869,0.27380952380952384,0.10888915222480341,0.10376517510177265,0.1500074412582666
rajasthan,Chittaurgarh,286,70,1,357,19.607843137254903,86.0,1979.0,2065.0,569.0,1669.0,2238.0,0.008148877240368987,0.19607843137254904,0.004617073557919119,0.0036945202901469553,0.05353403364687962
rajasthan,Chittorgarh,3698,2160,128,5986,36.08419645840294,5411.0,56413.0,61824.0,35481.0,27117.0,62598.0,0.1369972760775517,0.36084196458402945,0.1382304869950565,0.10333761444263588,0.18647315806068893
rajasthan,Churu,7888,4732,160,12780,37.02660406885759,8045.0,68052.0,76097.0,67446.0,65778.0,133224.0,0.2925126467827958,0.3702660406885759,0.1701430733835212,0.21992795850515548,0.27296014292385784
rajasthan,Dausa,4277,1807,49,6133,29.463557802054456,6047.0,44220.0,50267.0,56018.0,50312.0,106330.0,0.14036212145489504,0.2946355780205446,0.11239052616751592,0.1755309841158739,0.18036993907102739
rajasthan,Deeg,13,36,12,61,59.01639344262295,22.0,226.0,248.0,4.0,138.0,142.0,0.0013734062764666835,0.5901639344262295,0.000554496001144766,0.00023441549651513302,0.14817945810285268
rajasthan,Deeg ,1,7,0,8,87.5,95.0,956.0,1051.0,3.0,13.0,16.0,0.0001602307322544464,0.875,0.002349900391948181,2.6413013691845972e-05,0.21928134343741706
rajasthan,Dhaulpur,93,46,0,139,33.093525179856115,15.0,473.0,488.0,117.0,283.0,400.0,0.003158834435873372,0.33093525179856115,0.0010911050345106684,0.0006603253422961493,0.08418969107755733
rajasthan,Dholpur,5719,2711,150,8580,31.596736596736598,8855.0,68700.0,77555.0,47710.0,26707.0,74417.0,0.19637420743012796,0.31596736596736597,0.17340297326121903,0.12284857749413136,0.20697312424345635
rajasthan,Didwana-Kuchaman,2,0,0,2,0.0,66.0,654.0,720.0,1.0,7.0,8.0,2.2890104607778056e-05,0.0,0.0016098271000977076,1.3206506845922986e-05,0.00033261825800144846
rajasthan,Dungarpur,3869,2649,53,6571,40.31349870643738,4330.0,90978.0,95308.0,51452.0,35106.0,86558.0,0.15038798727310185,0.4031349870643738,0.2130963906334893,0.14289110244617523,0.224617040927612
rajasthan,Ganganagar,4186,1276,42,5504,23.183139534883722,5528.0,63690.0,69218.0,46082.0,56446.0,102528.0,0.12596424565660266,0.23183139534883723,0.154762516964671,0.169254591737349,0.16684875655742426
rajasthan,Hanumangarh,3628,1271,41,4940,25.72874493927125,6898.0,70339.0,77237.0,43250.0,53383.0,96633.0,0.11305422665781582,0.25728744939271253,0.17269196629200922,0.1595230470052595,0.1703338443378674
rajasthan,Jaipur,21436,8976,734,31146,28.81910999807359,29544.0,245796.0,275340.0,158293.0,197591.0,355884.0,0.7129123080092475,0.2881910999807359,0.6156247135290317,0.587498060294307,0.5621916375630883
rajasthan,Jaisalmer,1683,1120,51,2854,39.24316748423266,2104.0,19280.0,21384.0,25276.0,19701.0,44977.0,0.06530546844599079,0.3924316748423266,0.04781186487290191,0.07424863230113476,0.14537693210148575
rajasthan,Jalor,7882,5875,234,13991,41.99128010864127,4265.0,62425.0,66690.0,51608.0,48178.0,99786.0,0.32023256346281503,0.4199128010864127,0.14911023514655017,0.16472806151590888,0.2798272568160803
rajasthan,Jalore,298,183,13,494,37.044534412955464,57.0,979.0,1036.0,3.0,17.0,20.0,0.011284821571634582,0.37044534412955465,0.0023163623273628124,3.301626711480746e-05,0.09703089930135629
rajasthan,Jhalawar,4978,2002,56,7036,28.453666856168276,6231.0,74861.0,81092.0,42460.0,37652.0,80112.0,0.16103188591571865,0.28453666856168275,0.18131124889044903,0.1322499595550728,0.1902075689000266
rajasthan,Jhunjhunu,210,101,0,311,32.475884244372985,140.0,2602.0,2742.0,541.0,1400.0,1941.0,0.007095932428411197,0.3247588424437299,0.0061307582062054364,0.0032042287234920644,0.08554028434681589
rajasthan,Jhunjhunun,5749,1776,86,7611,23.334647221127316,5831.0,48821.0,54652.0,48082.0,62310.0,110392.0,0.17419369606519103,0.23334647221127316,0.12219482038130543,0.1822365879668913,0.1801906933452745
rajasthan,Jodhpur,14563,6724,928,22215,30.267837047040285,11482.0,128488.0,139970.0,114854.0,104179.0,219033.0,0.5084807837571818,0.30267837047040286,0.3129548600009391,0.3615826017478812,0.3885453592823784
rajasthan,Karauli,5857,2670,109,8636,30.917091245947198,7277.0,51169.0,58446.0,49784.0,31187.0,80971.0,0.19765605328816352,0.309170912459472,0.13067771485043142,0.13366800822765376,0.1993414913813423
rajasthan,Kota,5545,1876,104,7525,24.930232558139533,9075.0,83991.0,93066.0,47161.0,46193.0,93354.0,0.1722251470689221,0.24930232558139534,0.20808356791346286,0.1541100300117868,0.1950431024545215
rajasthan,Nagaur,11618,5441,208,17267,31.51097469160827,10343.0,93084.0,103427.0,104709.0,100659.0,205368.0,0.3952205461578959,0.3151097469160827,0.23124942705806334,0.33902423724168895,0.33115936074423474
rajasthan,Pali,6300,2696,118,9114,29.580864603906075,5398.0,60939.0,66337.0,70502.0,85408.0,155910.0,0.20859752329068143,0.29580864603906076,0.14832097269330782,0.25737831029348157,0.2281011512588616
rajasthan,Pratapgarh,2643,1133,18,3794,29.86294148655772,3448.0,45108.0,48556.0,32886.0,23401.0,56287.0,0.08682216677730217,0.2986294148655772,0.10856495093381151,0.09291933135455839,0.14534196854612405
rajasthan,Rajsamand,3078,1405,29,4512,31.13918439716312,4623.0,42547.0,47170.0,33770.0,28192.0,61962.0,0.10325726188568682,0.3113918439716312,0.10546603376612342,0.10228769714838501,0.15553874883579988
rajasthan,Salumbar,1,0,0,1,0.0,20.0,193.0,213.0,0.0,1.0,1.0,0.0,0.0,0.00047624051711223845,1.6508133557403733e-06,9.557826609359576e-05
rajasthan,Sawai Madhopur,4575,2083,86,6744,30.886714116251486,4617.0,40538.0,45155.0,42901.0,38521.0,81422.0,0.15434797537024744,0.30886714116251485,0.1009607537568222,0.13441252505109266,0.1783132324317983
rajasthan,Sikar,8163,3061,176,11400,26.85087719298246,9034.0,69303.0,78337.0,73998.0,87615.0,161613.0,0.26092430242406206,0.2685087719298246,0.17515142436160294,0.26679289886126895,0.24683956347545227
rajasthan,Sirohi,5500,4853,379,10732,45.21990309355199,3803.0,37490.0,41293.0,35757.0,34393.0,70150.0,0.24563371254606634,0.45219903093551994,0.09232582006157589,0.11580455690518719,0.2406476325183558
rajasthan,Tonk,4198,1656,61,5915,27.996618765849533,5975.0,50653.0,56628.0,41737.0,38186.0,79923.0,0.13537207865039944,0.27996618765849535,0.1266129014226847,0.13193795583083787,0.16908194589296813
rajasthan,Udaipur,8641,6073,192,14906,40.74198309405608,8940.0,118552.0,127492.0,95310.0,84468.0,179778.0,0.34117700917893196,0.40741983094056083,0.28505566200785687,0.29677992346829285,0.33763402804299636
sikkim,East,215,153,2,370,41.351351351351354,406.0,5461.0,5867.0,2428.0,3095.0,5523.0,0.008446448600270103,0.41351351351351356,0.013117854994823958,0.009117442163754081,0.11078169482018854
sikkim,East Sikkim,184,136,19,339,40.117994100294986,349.0,3164.0,3513.0,2607.0,1482.0,4089.0,0.007736855357428983,0.40117994100294985,0.007854614725893399,0.006750175811622386,0.10592384273334075
sikkim,Mangan,0,2,1,3,66.66666666666666,0.0,67.0,67.0,0.0,0.0,0.0,4.578020921555612e-05,0.6666666666666666,0.00014980335514798112,0.0,0.1667126504109217
sikkim,Namchi,3,7,14,24,29.166666666666668,6.0,276.0,282.0,0.0,5.0,5.0,0.0005264724059788953,0.2916666666666667,0.0006305156142049354,8.254066778701866e-06,0.073228685944956
sikkim,North,34,10,0,44,22.727272727272727,46.0,397.0,443.0,152.0,155.0,307.0,0.0009842744981344565,0.22727272727272727,0.0009904908407545618,0.0005067997002122946,0.057462136000722246
sikkim,North Sikkim,45,17,0,62,27.419354838709676,59.0,387.0,446.0,636.0,282.0,918.0,0.0013962963810744615,0.27419354838709675,0.0009971984536716356,0.0015154466605696627,0.0695396198529985
sikkim,South,88,108,1,197,54.82233502538071,156.0,3583.0,3739.0,1018.0,2032.0,3050.0,0.004486460503124499,0.5482233502538071,0.00835992156564629,0.005034980735008138,0.14130507919967622
sikkim,South Sikkim,187,247,25,459,53.812636165577345,133.0,1276.0,1409.0,1299.0,754.0,2053.0,0.01048366791036235,0.5381263616557734,0.0031503422000523193,0.0033891198193349865,0.13950876658644765
sikkim,West,92,111,5,208,53.36538461538461,194.0,2359.0,2553.0,1530.0,2054.0,3584.0,0.004738251653810057,0.5336538461538461,0.005708178592429788,0.005916515066973498,0.13739678834917574
sikkim,West Sikkim,206,256,39,501,51.09780439121756,206.0,1815.0,2021.0,2262.0,1029.0,3291.0,0.011445052303889027,0.5109780439121756,0.004518695235135371,0.005432826753741568,0.13374058368218042
tamil nadu,Ariyalur,1927,405,80,2412,16.791044776119403,4536.0,18815.0,23351.0,31344.0,46129.0,77473.0,0.055188042209352896,0.16791044776119404,0.05220982307552995,0.12789346310927394,0.0973140839505328
tamil nadu,Chengalpattu,862,319,72,1253,25.458898643256184,2251.0,19282.0,21533.0,3965.0,2283.0,6248.0,0.028658410968938126,0.25458898643256184,0.048145009647783246,0.010314281846665852,0.08536954874615862
tamil nadu,Chennai,7686,2159,198,10043,21.49756048989346,17927.0,130441.0,148368.0,112681.0,120349.0,233030.0,0.22986243047130725,0.2149756048989346,0.33173170442680094,0.3846890362881792,0.2774799000326872
tamil nadu,Coimbatore,7139,1804,43,8986,20.07567326953038,13326.0,104412.0,117738.0,75352.0,144370.0,219722.0,0.20566758990088585,0.2007567326953038,0.2632469765434776,0.3627200121499863,0.24736623737782878
tamil nadu,Cuddalore,7493,1093,44,8630,12.665121668597914,11218.0,70377.0,81595.0,90307.0,77798.0,168105.0,0.19751871266051685,0.12665121668597915,0.18243589198954507,0.2775099791667355,0.19278352783393182
tamil nadu,Dharmapuri,4840,851,48,5739,14.828367311378287,7202.0,34178.0,41380.0,67201.0,37657.0,104858.0,0.1313434202394305,0.14828367311378288,0.09252034083617103,0.17310098685622405,0.1361653809007254
tamil nadu,Dindigul,4678,1393,12,6083,22.89988492520138,8508.0,49069.0,57577.0,65029.0,121094.0,186123.0,0.13921761622450615,0.2289988492520138,0.12873474297545237,0.3072543342104655,0.19317369342876417
tamil nadu,Erode,4964,1045,8,6017,17.36745886654479,7821.0,60588.0,68409.0,64193.0,83302.0,147495.0,0.1377068693203928,0.1736745886654479,0.15295369734803343,0.24348671590492635,0.17090413407909144
tamil nadu,Kallakurichi,877,149,38,1064,14.003759398496241,1585.0,9205.0,10790.0,2550.0,2268.0,4818.0,0.024332181198068074,0.1400375939849624,0.024125047791742033,0.007953618747957119,0.049941395223504256
tamil nadu,Kancheepuram,9629,3354,67,13050,25.701149425287355,19692.0,121601.0,141293.0,120462.0,113457.0,233919.0,0.29869297502689585,0.25701149425287356,0.3159129172973686,0.38615660936143237,0.3092093201543922
tamil nadu,Kanchipuram,277,89,21,387,22.997416020671835,0.0,8.0,8.0,1.0,8.0,9.0,0.00883558037860233,0.22997416020671835,1.7886967778863417e-05,1.485732020166336e-05,0.06059254204178651
tamil nadu,Kanniyakumari,2139,135,1,2275,5.934065934065933,6227.0,32451.0,38678.0,27515.0,41917.0,69432.0,0.0520520978780873,0.05934065934065934,0.0864790174688599,0.1146192729157656,0.0732730571694205
tamil nadu,Kanyakumari,1896,92,17,2005,4.58852867830424,4020.0,16676.0,20696.0,21726.0,8022.0,29748.0,0.045871769633987224,0.0458852867830424,0.04627358564391966,0.049108395706564625,0.046602837337752986
tamil nadu,Karur,3362,654,3,4019,16.27270465289873,3590.0,23754.0,27344.0,27884.0,29923.0,57807.0,0.09197244031405223,0.1627270465289873,0.06113765586815516,0.09542856765528376,0.10418536044685289
tamil nadu,Krishnagiri,4157,910,8,5075,17.93103448275862,9282.0,52627.0,61909.0,73365.0,47438.0,120803.0,0.11614439077986585,0.1793103448275862,0.1384205360277069,0.1994232058135043,0.15304687134809186
tamil nadu,Madurai,8875,1024,39,9938,10.303884081304085,15130.0,90922.0,106052.0,100202.0,113596.0,213798.0,0.22745896948749056,0.10303884081304085,0.2371185883605029,0.35294059383058035,0.22338218596209858
tamil nadu,Mayiladuthurai,437,64,1,502,12.749003984063744,470.0,3132.0,3602.0,3442.0,867.0,4309.0,0.011467942408496806,0.12749003984063745,0.008053607242433253,0.007113354749885268,0.03891968220159695
tamil nadu,Nagapattinam,3315,732,0,4047,18.08747220163084,3961.0,34068.0,38029.0,35304.0,45373.0,80677.0,0.09261336324307001,0.1808747220163084,0.08502793720779961,0.1331826691010661,0.12127547890092474
tamil nadu,Namakkal,4257,606,9,4872,12.438423645320198,9009.0,36807.0,45816.0,47020.0,73971.0,120991.0,0.1114976995444869,0.12438423645320197,0.10243866446955079,0.1997335587243835,0.13055469859265778
tamil nadu,Namakkal   *,0,1,0,1,100.0,0.0,0.0,0.0,0.0,0.0,0.0,0.0,1.0,0.0,0.0,0.25
tamil nadu,Perambalur,1898,232,0,2130,10.892018779342722,3307.0,12354.0,15661.0,25143.0,31894.0,57037.0,0.04873303270995948,0.10892018779342723,0.035015975298097496,0.09415744137136367,0.07012129173073486
tamil nadu,Pudukkottai,5339,1670,36,7045,23.70475514549326,7347.0,44710.0,52057.0,52246.0,78060.0,130306.0,0.16123789685718865,0.2370475514549326,0.11639273520803661,0.21511088513310508,0.18199587583197752
tamil nadu,Ramanathapuram,3318,644,43,4005,16.079900124843945,5157.0,33134.0,38291.0,45471.0,54948.0,100419.0,0.09165197884954333,0.16079900124843946,0.08561373540255739,0.16577302637009256,0.12255529526398001
tamil nadu,Ranipet,97,13,1,111,11.711711711711711,190.0,1200.0,1390.0,423.0,214.0,637.0,0.0025179115068555864,0.11711711711711711,0.0031078606515775186,0.0010515681076066177,0.03099243405851556
tamil nadu,Salem,8417,1608,224,10249,15.689335544931213,15487.0,90884.0,106371.0,118161.0,122483.0,240644.0,0.23457779202050955,0.15689335544931213,0.23783183120068507,0.3972583291787864,0.2483435981454007
tamil nadu,Sivaganga,3740,685,21,4446,15.407107512370672,5391.0,28905.0,34296.0,43566.0,51624.0,95190.0,0.10174651498157346,0.1540710751237067,0.07668143086798747,0.15714092333292612,0.12089351986466013
tamil nadu,Tenkasi,1150,118,0,1268,9.305993690851736,1825.0,8195.0,10020.0,7560.0,2643.0,10203.0,0.029001762538054796,0.09305993690851735,0.02240342714302643,0.01684324866861903,0.04126493627777761
tamil nadu,Thanjavur,5881,1471,20,7372,19.95387954422138,11625.0,65210.0,76835.0,71305.0,98262.0,169567.0,0.16872296106393206,0.1995387954422138,0.17179314616112132,0.2799234682928279,0.1992810581237195
tamil nadu,The Nilgiris,1279,430,5,1714,25.087514585764293,2420.0,12853.0,15273.0,22599.0,21505.0,44104.0,0.03921074919312381,0.2508751458576429,0.03414845736082262,0.07280747224157343,0.09783373460248328
tamil nadu,Theni,2908,563,2,3473,16.210768787791537,4918.0,33858.0,38776.0,38916.0,47806.0,86722.0,0.07947444319820542,0.16210768787791538,0.08669813282415098,0.14316183583651665,0.11431497082098425
tamil nadu,Thiruvallur,461,134,10,605,22.14876033057851,104.0,1719.0,1823.0,939.0,1958.0,2897.0,0.013825623183097945,0.22148760330578512,0.004075992782608501,0.004782406291579861,0.06198254875536824
tamil nadu,Thiruvarur,3346,816,3,4165,19.591836734693878,5041.0,32739.0,37780.0,36203.0,36596.0,72799.0,0.09531439558678782,0.1959183673469388,0.08447120533568249,0.12017756148454344,0.12326938365615563
tamil nadu,Thoothukkudi,4439,877,3,5319,16.48806166572664,6827.0,37868.0,44695.0,70728.0,69133.0,139861.0,0.1217295763041637,0.16488061665726642,0.09993225310953756,0.23088440674720434,0.14998883784212227
tamil nadu,Tiruchirappalli,8396,1531,5,9932,15.414820781312926,11294.0,62387.0,73681.0,71253.0,122317.0,193570.0,0.2273216288598439,0.15414820781312927,0.16474120911430443,0.31954794127066405,0.2149574521312214
tamil nadu,Tirunelveli,8303,1370,2,9675,14.160206718346252,14714.0,65176.0,79890.0,97249.0,117524.0,214773.0,0.22143887197564494,0.14160206718346252,0.1786237319816748,0.3545501368524272,0.21953889575416174
tamil nadu,Tirupathur,4,0,0,4,0.0,10.0,83.0,93.0,50.0,9.0,59.0,6.867031382333417e-05,0.0,0.00020793600042928723,9.739798798868203e-05,8.510140752176083e-05
tamil nadu,Tirupattur,944,102,2,1048,9.732824427480915,1189.0,8163.0,9352.0,8965.0,3146.0,12111.0,0.023965939524343626,0.09732824427480916,0.020909865333491335,0.01999300055137166,0.04090071307919515
tamil nadu,Tiruppur,5078,1109,5,6192,17.910206718346252,12574.0,73372.0,85946.0,71207.0,77565.0,148772.0,0.14171263762675396,0.17910206718346253,0.1921641665902744,0.24559480456020683,0.1819267341953258
tamil nadu,Tiruvallur,8712,2665,58,11435,23.30564057717534,18319.0,130089.0,148408.0,125834.0,111959.0,237793.0,0.2617254560853343,0.2330564057717534,0.33182113926569523,0.3925518603015706,0.29474261098625854
tamil nadu,Tiruvannamalai,6556,677,33,7266,9.31736856592348,9251.0,55967.0,65218.0,82696.0,58759.0,141455.0,0.1662966099755076,0.09317368565923481,0.1458190330752393,0.2335158032362545,0.15736420216853514
tamil nadu,Tiruvarur,1,0,0,1,0.0,0.0,2.0,2.0,0.0,3.0,3.0,0.0,0.0,4.471741944715854e-06,4.95244006722112e-06,1.884836402387395e-06
tamil nadu,Tuticorin,1,1,0,2,50.0,0.0,4.0,4.0,1.0,5.0,6.0,2.2890104607778056e-05,0.5,8.943483889431708e-06,9.90488013444224e-06,0.1250117812094175
tamil nadu,Vellore,8271,1309,53,9633,13.5887054915395,11895.0,77505.0,89400.0,99121.0,92682.0,191803.0,0.22047748758211824,0.135887054915395,0.19988686492879867,0.31663095407107084,0.21444244818256405
tamil nadu,Villupuram,5854,915,3,6772,13.511518015357355,9988.0,29580.0,39568.0,85898.0,35363.0,121261.0,0.15498889829926524,0.13511518015357354,0.08846894263425846,0.2001792783304334,0.1457545536360746
tamil nadu,Viluppuram,4341,781,0,5122,15.247950019523623,2249.0,33539.0,35788.0,22410.0,63056.0,85466.0,0.11722022569643142,0.15247950019523623,0.08001735035874549,0.14108841426170673,0.1233681069666505
tamil nadu,Virudhunagar,4769,627,11,5407,11.59607915664879,8761.0,48681.0,57442.0,59765.0,61529.0,121294.0,0.12374390550964817,0.11596079156648789,0.12843290039418406,0.20023375517117284,0.13803389593307022
telangana,Adilabad,2517,467,3,2987,15.634415801807833,6413.0,39597.0,46010.0,44923.0,35360.0,80283.0,0.06834985235882528,0.15634415801807833,0.10287242343818823,0.1325322486389044,0.11008942224552695
telangana,Bhadradri Kothagudem,2490,682,39,3211,21.239489255683587,5559.0,28170.0,33729.0,11882.0,9721.0,21603.0,0.07347723579096756,0.21239489255683588,0.07541369202666053,0.035662520924059284,0.10103099825619159
telangana,Hanumakonda,916,109,5,1030,10.58252427184466,1914.0,17061.0,18975.0,1831.0,7186.0,9017.0,0.02355391764140362,0.10582524271844661,0.042425651700491666,0.014885384028710947,0.04616238899994344
telangana,Hyderabad,19721,5600,669,25990,21.546748749519047,31935.0,184522.0,216457.0,133421.0,95120.0,228541.0,0.5948909286515439,0.21546748749519049,0.4839699230636798,0.37727853513426063,0.4343283885414261
telangana,Jagitial,1488,98,9,1595,6.144200626959248,1965.0,14334.0,16299.0,6634.0,4111.0,10745.0,0.03648682674479822,0.06144200626959248,0.036442460978461856,0.017737989507430312,0.038966981025255934
telangana,Jangaon,66,15,0,81,18.51851851851852,93.0,709.0,802.0,128.0,152.0,280.0,0.0018312083686222447,0.1851851851851852,0.0017931685198310575,0.0004622277396073045,0.04738829847720176
telangana,Jangoan,892,130,0,1022,12.720156555772993,1561.0,15339.0,16900.0,3951.0,3328.0,7279.0,0.023370796804541395,0.12720156555772993,0.03778621943284897,0.012016270416434178,0.0499406682408786
telangana,Jayashankar Bhupalpally,670,173,4,847,20.425029515938604,1380.0,14881.0,16261.0,2077.0,2491.0,4568.0,0.019365028498180236,0.20425029515938606,0.036357497881512255,0.007540915409022025,0.06662001642231645
telangana,Jogulamba Gadwal,1543,299,2,1844,16.21475054229935,6843.0,26733.0,33576.0,6006.0,5324.0,11330.0,0.042186462792134956,0.1621475054229935,0.07507160376788977,0.01870371532053843,0.07405720215068123
telangana,K.v. Rangareddy,13564,3681,164,17409,21.144235740134413,31619.0,165711.0,197330.0,122856.0,125725.0,248581.0,0.39847094101220043,0.21144235740134412,0.44120441897538976,0.4103608347832977,0.36263846945634365
telangana,Kamareddy,1862,144,2,2008,7.171314741035857,3541.0,20904.0,24445.0,7963.0,7278.0,15241.0,0.04594043994781056,0.07171314741035857,0.05465586591928953,0.025160046354839028,0.049970623289149044
telangana,Karimnagar,5115,686,7,5808,11.81129476584022,9393.0,68602.0,77995.0,68569.0,67307.0,135876.0,0.1329228374573672,0.1181129476584022,0.17438675648905652,0.22430591552457896,0.15578976442740616
telangana,Khammam,2800,1079,9,3888,27.752057613168724,8152.0,45656.0,53808.0,44451.0,17719.0,62170.0,0.0889738366104333,0.27752057613168724,0.12030774528063534,0.102631066326379,0.14510874916797634
telangana,Komaram Bheem,917,189,0,1106,17.088607594936708,3729.0,23729.0,27458.0,4930.0,4747.0,9677.0,0.025293565591594753,0.17088607594936708,0.06139254515900396,0.015974920843499593,0.06704776014490064
telangana,Mahabubabad,1249,253,1,1503,16.833000665335994,2613.0,20797.0,23410.0,5922.0,4258.0,10180.0,0.03438093712088264,0.16833000665335995,0.05234173946289907,0.016805279961437,0.06794523354051613
telangana,Mahabubnagar,7689,2463,16,10168,24.22305271439811,22869.0,73557.0,96426.0,104613.0,90436.0,195049.0,0.2327236935472795,0.2422305271439811,0.21559609438058547,0.3219894942238041,0.249528042248421
telangana,Mancherial,924,169,1,1094,15.447897623400367,3062.0,24061.0,27123.0,7258.0,5151.0,12409.0,0.025018884336301415,0.15447897623400367,0.060643528383264055,0.020484942931382293,0.06360204783913569
telangana,Medak,6158,1379,7,7544,18.279427359490985,8929.0,46040.0,54969.0,66461.0,60205.0,126666.0,0.1726600590564699,0.18279427359490985,0.1229035914795429,0.2091019245182101,0.17253069226804252
telangana,Medchal Malkajgiri,409,265,30,704,37.64204545454545,0.0,0.0,0.0,0.0,0.0,0.0,0.016091743539267973,0.37642045454545453,0.0,0.0,0.09973722387510742
telangana,Medchal-malkajgiri,3064,900,106,4070,22.11302211302211,13782.0,71470.0,85252.0,13800.0,16330.0,30130.0,0.09313983564904892,0.22113022113022113,0.190612472135458,0.049739006408457444,0.1359517934685055
telangana,Medchal?malkajgiri,1,1,0,2,50.0,89.0,261.0,350.0,490.0,366.0,856.0,2.2890104607778056e-05,0.5,0.0007825548403252745,0.0014130962325137595,0.12544714175118052
telangana,Medchal−malkajgiri,445,88,2,535,16.448598130841123,425.0,1252.0,1677.0,3466.0,1147.0,4613.0,0.012223315860553481,0.16448598130841124,0.003749555620644244,0.007615202010030342,0.04767260740443145
telangana,Mulugu,700,233,4,937,24.86659551760939,1318.0,10380.0,11698.0,2353.0,3034.0,5387.0,0.02142513791288026,0.2486659551760939,0.02615521863464303,0.008892931547373391,0.07667491709993486
telangana,Nagarkurnool,1077,282,2,1361,20.720058780308598,2811.0,17359.0,20170.0,7210.0,5244.0,12454.0,0.031130542266578156,0.20720058780308598,0.04509751751245939,0.02055922953239061,0.07582718615304385
telangana,Nalgonda,5405,1246,10,6661,18.705900015012762,10853.0,66588.0,77441.0,80121.0,57868.0,137989.0,0.15244809668780188,0.18705900015012764,0.17314808397037024,0.22779408414525837,0.1803100175013883
telangana,Narayanpet,1082,224,4,1310,17.099236641221374,2346.0,14386.0,16732.0,2929.0,3358.0,6287.0,0.029963146931581475,0.17099236641221374,0.03741059310949284,0.010378663567539727,0.06279304436451347
telangana,Nirmal,1292,106,3,1401,7.566024268379729,4519.0,29327.0,33846.0,6240.0,7084.0,13324.0,0.03204614645088928,0.07566024268379729,0.0756752889304264,0.021995437151884734,0.04966535714522279
telangana,Nizamabad,5985,583,9,6577,8.864223810247832,11080.0,55895.0,66975.0,63114.0,54082.0,117196.0,0.15052532790074852,0.08864223810247833,0.14974745837367218,0.19346872203934878,0.14348766037348576
telangana,Peddapalli,513,72,3,588,12.244897959183673,919.0,9008.0,9927.0,2370.0,4057.0,6427.0,0.01343649140476572,0.12244897959183673,0.022195491142597144,0.01060977743734338,0.04187607060561529
telangana,Rajanna Sircilla,834,51,3,888,5.743243243243244,1426.0,9739.0,11165.0,4367.0,3718.0,8085.0,0.020303522787099137,0.05743243243243244,0.024963499406376256,0.013346825981160918,0.02912640616110024
telangana,Ranga Reddy,181,93,10,284,32.74647887323944,0.0,0.0,0.0,0.0,0.0,0.0,0.00647789960400119,0.32746478873239443,0.0,0.0,0.08413346204449902
telangana,Rangareddy,237,61,2,300,20.333333333333332,734.0,4828.0,5562.0,878.0,1908.0,2786.0,0.006844141277725638,0.20333333333333334,0.01243591434825479,0.00459916600909268,0.056635798852006806
telangana,Sangareddy,2224,468,11,2703,17.314095449500556,6437.0,30851.0,37288.0,14012.0,8067.0,22079.0,0.06184906265021631,0.17314095449500555,0.08337115681728238,0.036448308081391705,0.0888963035310619
telangana,Siddipet,1701,174,1,1876,9.275053304904052,4466.0,31495.0,35961.0,10041.0,6168.0,16209.0,0.04291894613958386,0.09275053304904052,0.08040415603696342,0.02675803368319571,0.05964170235514631
telangana,Suryapet,1743,297,2,2042,14.54456415279138,4565.0,41224.0,45789.0,9015.0,11078.0,20093.0,0.04671870350447501,0.1454456415279138,0.10237829595329713,0.03316979275689132,0.07982257435058239
telangana,Vikarabad,2085,506,2,2593,19.514076359429232,8873.0,51676.0,60549.0,7987.0,6236.0,14223.0,0.059331151143360725,0.19514076359429233,0.13537975150530013,0.023479518358695328,0.10132294777154843
telangana,Wanaparthy,1266,401,0,1667,24.05518896220756,4167.0,21013.0,25180.0,4693.0,5281.0,9974.0,0.03813491427655824,0.2405518896220756,0.056299231083972605,0.016465212410154483,0.0880380811011397
telangana,Warangal,2462,490,0,2952,16.59891598915989,5476.0,23625.0,29101.0,54305.0,37305.0,91610.0,0.06754869869755305,0.16598915989159893,0.06506608116658803,0.1512310115193756,0.10839875305423602
telangana,Warangal (urban),6,1,0,7,14.285714285714285,11.0,110.0,121.0,4.0,7.0,11.0,0.00013734062764666835,0.14285714285714285,0.00027054038765530916,1.8158946913144105e-05,0.03582009480087573
telangana,Warangal Rural,660,70,2,732,9.562841530054644,1082.0,16618.0,17700.0,3736.0,3433.0,7169.0,0.016732666468285758,0.09562841530054644,0.03957491621073531,0.011834680947302736,0.04004545652064423
telangana,Warangal Urban,585,72,6,663,10.85972850678733,1821.0,13757.0,15578.0,4643.0,3940.0,8583.0,0.015153249250349074,0.1085972850678733,0.03483039800739179,0.014168931032319624,0.042252824312532786
telangana,Yadadri.,1380,205,1,1586,12.925598991172762,3489.0,36383.0,39872.0,6847.0,5827.0,12674.0,0.03628081580332822,0.12925598991172763,0.08914864740985527,0.020922408470653492,0.06702649418519853
the dadra and nagar haveli and daman and diu,Dadra And Nagar Haveli,548,141,27,716,19.692737430167597,0.0,0.0,0.0,0.0,0.0,0.0,0.01636642479456131,0.19692737430167598,0.0,0.0,0.054960092253515454
tripura,Dhalai,777,607,36,1420,42.74647887323943,1334.0,14091.0,15425.0,20943.0,14025.0,34968.0,0.032481058438437065,0.42746478873239435,0.03448830974862103,0.05772564142352937,0.13667735787098165
tripura,Dhalai  *,28,4,0,32,12.5,14.0,378.0,392.0,197.0,450.0,647.0,0.0007095932428411197,0.125,0.0008764614211643075,0.0010680762411640215,0.03188726516746006
tripura,Gomati,464,204,11,679,30.04418262150221,1461.0,8300.0,9761.0,11757.0,2945.0,14702.0,0.015519490924073521,0.3004418262150221,0.021824336561185726,0.024270257956094967,0.08976119728063739
tripura,Khowai,196,99,44,339,29.20353982300885,514.0,2997.0,3511.0,7029.0,2137.0,9166.0,0.007736855357428983,0.2920353982300885,0.007850142983948682,0.015131355218716261,0.08031304857315526
tripura,North Tripura,1046,416,26,1488,27.956989247311824,1058.0,13873.0,14931.0,23177.0,24321.0,47498.0,0.03403758555176597,0.27956989247311825,0.03338378948827621,0.07841033277095626,0.10416445251324416
tripura,Sepahijala,1121,577,30,1728,33.3912037037037,1094.0,14231.0,15325.0,13756.0,5869.0,19625.0,0.0395312106576327,0.33391203703703703,0.034264722651385235,0.032397212106404824,0.11064631994098871
tripura,South Tripura,1348,804,6,2158,37.256719184430025,2536.0,28143.0,30679.0,22883.0,34673.0,57556.0,0.049373955638977264,0.37256719184430026,0.06859428556096885,0.09501421350299293,0.14314438224750947
tripura,Unakoti,433,179,27,639,28.012519561815335,499.0,3144.0,3643.0,11699.0,4034.0,15733.0,0.014603886739762399,0.28012519561815336,0.00814527795229993,0.02597224652586329,0.08196616415908782
tripura,West Tripura,1963,764,75,2802,27.26623840114204,3281.0,41065.0,44346.0,36094.0,56166.0,92260.0,0.06411518300638634,0.2726623840114204,0.09915193414018464,0.15230404020060684,0.14089710492324864
uttar pradesh,Agra,16314,12691,905,29910,42.430625208960215,18477.0,157476.0,175953.0,152308.0,82740.0,235048.0,0.6846201387140339,0.42430625208960215,0.39340820519929437,0.38802037764006325,0.5019793281401839
uttar pradesh,Aligarh,13830,11776,586,26192,44.9602932193036,15788.0,170674.0,186462.0,144160.0,55340.0,199500.0,0.5995147297823151,0.44960293219303604,0.4169049732478038,0.32933726447020445,0.47147933601567094
uttar pradesh,Allahabad,7254,5946,49,13249,44.87885878179485,18792.0,167503.0,186295.0,177827.0,81083.0,258910.0,0.3032481058438437,0.4487885878179485,0.41653158279542,0.42741208593474006,0.3871227177458645
uttar pradesh,Ambedkar Nagar,3856,4096,50,8002,51.187203199200205,8036.0,67720.0,75756.0,53320.0,33900.0,87220.0,0.18314372696683223,0.511872031992002,0.16938064138194714,0.14398394088767535,0.25474122889031625
uttar pradesh,Amethi,3890,3251,56,7197,45.17159927747672,7282.0,68998.0,76280.0,57942.0,35329.0,93271.0,0.1647171927575709,0.45171599277476726,0.17055223777146267,0.15397301250326034,0.23548506571378625
uttar pradesh,Amroha,5605,2476,61,8142,30.41021861950381,7277.0,83025.0,90302.0,64902.0,27770.0,92672.0,0.18634834161192118,0.3041021861950381,0.20190362054586553,0.15298417530317188,0.2122250252827394
uttar pradesh,Auraiya,2169,1547,17,3733,41.441200107152426,5621.0,46178.0,51799.0,43638.0,19543.0,63181.0,0.0854258703962277,0.41441200107152426,0.11581588049716826,0.10430003862903252,0.17752523873180093
uttar pradesh,Ayodhya,1027,634,32,1693,37.448316597755465,1751.0,13526.0,15277.0,3617.0,3774.0,7391.0,0.03873005699636047,0.37448316597755466,0.034157400844712055,0.0122011615122771,0.11644802391451267
uttar pradesh,Azamgarh,6717,13577,279,20573,65.99426432703058,17812.0,141977.0,159789.0,95316.0,78082.0,173398.0,0.4708952319912102,0.6599426432703058,0.3572675868021008,0.28624773425866923,0.458502056226654
uttar pradesh,Baghpat,3482,3203,154,6839,46.834332504752155,5208.0,49700.0,54908.0,37736.0,20293.0,58029.0,0.15652253530798638,0.4683433250475216,0.12276720335022906,0.09579504822025812,0.21558116893377305
uttar pradesh,Bagpat,0,1,0,1,100.0,2.0,8.0,10.0,2.0,6.0,8.0,0.0,1.0,2.2358709723579272e-05,1.3206506845922986e-05,0.2500071130433139
uttar pradesh,Bahraich,14674,22360,2304,39338,56.84071381361533,10401.0,119296.0,129697.0,131149.0,49929.0,181078.0,0.9004280449561655,0.5684071381361533,0.2899857575019061,0.29892598083075533,0.5750339479352286
uttar pradesh,Ballia,4079,5860,37,9976,58.74097834803529,12808.0,92140.0,104948.0,77756.0,55249.0,133005.0,0.22832879346258614,0.5874097834803529,0.23465018680701974,0.21956643038024834,0.317610847019447
uttar pradesh,Balrampur,4181,7907,236,12324,64.15936384290815,5318.0,72758.0,78076.0,66623.0,35489.0,102112.0,0.28207475908164903,0.6415936384290815,0.17456786203781752,0.168567853381361,0.3277517183696832
uttar pradesh,Banda,4825,5563,203,10591,52.52572939288075,5285.0,64150.0,69435.0,58396.0,34095.0,92491.0,0.24240620779636962,0.5252572939288075,0.15524770096567267,0.15268537808578286,0.27774311202122237
uttar pradesh,Bara Banki,5776,3218,92,9086,35.41712524763373,8729.0,101238.0,109967.0,114423.0,50819.0,165242.0,0.20795660036166366,0.3541712524763373,0.24587202321728416,0.27278370052925077,0.2650587679949736
uttar pradesh,Barabanki,1401,922,52,2375,38.821052631578944,161.0,4799.0,4960.0,789.0,3435.0,4224.0,0.05434110833886511,0.38821052631578945,0.011089920022895319,0.006973035614647336,0.11968461062505868
uttar pradesh,Bareilly,17187,10017,607,27811,36.018122325698464,21442.0,220300.0,241742.0,166397.0,68411.0,234808.0,0.6365738091423078,0.36018122325698465,0.54050392059975,0.38762418243468555,0.49847175962094104
uttar pradesh,Basti,4823,5216,80,10119,51.54659551339065,8964.0,75846.0,84810.0,69272.0,39929.0,109201.0,0.23160207842149838,0.5154659551339065,0.1896242171656758,0.1802704692602045,0.2839061535161771
uttar pradesh,Bhadohi,265,277,4,546,50.73260073260073,1463.0,10317.0,11780.0,3621.0,2919.0,6540.0,0.01247510701123904,0.5073260073260073,0.026338560054376382,0.010796319346542042,0.13862476516561917
uttar pradesh,Bijnor,12935,3843,73,16851,22.805768203667437,17345.0,209514.0,226859.0,143040.0,74008.0,217048.0,0.3856982626410603,0.22805768203667437,0.507227452918147,0.35830573723673653,0.3651154504645164
uttar pradesh,Budaun,7773,7407,349,15529,47.69785562495975,14396.0,156943.0,171339.0,77268.0,33050.0,110318.0,0.3554375443495777,0.4769785562495975,0.3830918965328349,0.1821144277785665,0.35668904444703187
uttar pradesh,Bulandshahar,115,70,0,185,37.83783783783784,28.0,635.0,663.0,61.0,159.0,220.0,0.004211779247831162,0.3783783783783784,0.0014823824546733057,0.00036317893826288213,0.09643782960992274
uttar pradesh,Bulandshahr,9155,7521,209,16885,44.54249333728161,18691.0,156066.0,174757.0,133979.0,46853.0,180832.0,0.3864765261977247,0.44542493337281613,0.3907341035163543,0.29851988074524316,0.38447381436472716
uttar pradesh,Chandauli,4405,4986,175,9566,52.122099100982645,10053.0,83550.0,93603.0,61634.0,28910.0,90544.0,0.21894385057339713,0.5212209910098264,0.20928423062561904,0.14947124448215635,0.2786866904747007
uttar pradesh,Chitrakoot,2951,2436,14,5401,45.10275874837993,3931.0,40615.0,44546.0,42495.0,20237.0,62732.0,0.1236065648820015,0.4510275874837993,0.09959910833465623,0.1035588234323051,0.1966507809330426
uttar pradesh,Deoria,4700,5443,114,10257,53.06619869357512,12422.0,96829.0,109251.0,78834.0,59779.0,138613.0,0.23476091285737177,0.5306619869357512,0.24427113960107588,0.22882419167924037,0.30945088249008124
uttar pradesh,Etah,6760,4345,159,11264,38.57421875,6180.0,55711.0,61891.0,63551.0,23878.0,87429.0,0.25781124819740425,0.3857421875,0.13838029035020447,0.1443289608790251,0.24321133398993738
uttar pradesh,Etawah,4173,2865,116,7154,40.04752585965893,6640.0,55440.0,62080.0,51467.0,27628.0,79095.0,0.16373291825943645,0.40047525859658933,0.1388028699639801,0.13057108237228482,0.21130012650720306
uttar pradesh,Faizabad,4052,2871,3,6926,41.452497834247765,6794.0,63185.0,69979.0,65237.0,29679.0,94916.0,0.15851397440886306,0.41452497834247765,0.15646401477463537,0.15668860047345326,0.22174165867833923
uttar pradesh,Farrukhabad,2844,2944,82,5870,50.15332197614991,6288.0,63850.0,70138.0,55262.0,21934.0,77196.0,0.13434202394304942,0.5015332197614991,0.1568195182592403,0.12743618780973384,0.22925415453423692
uttar pradesh,Fatehpur,6526,5582,225,12333,45.26068272115463,9425.0,97695.0,107120.0,71340.0,46574.0,117914.0,0.282280770023119,0.4526068272115463,0.23950649855898115,0.19465400602877037,0.29878207722852856
uttar pradesh,Firozabad,7250,4926,124,12300,40.04878048780488,11620.0,127581.0,139201.0,81603.0,32164.0,113767.0,0.28152539657106235,0.40048780487804886,0.31123547522319583,0.18780808304251503,0.29846455167252617
uttar pradesh,Gautam Buddha Nagar,9002,9318,637,18957,49.15334704858363,15292.0,138699.0,153991.0,49113.0,40326.0,89439.0,0.43390482294504085,0.49153347048583634,0.3443040069043696,0.14764709572406323,0.37314027617790996
uttar pradesh,Ghaziabad,11984,10693,393,23070,46.350238404854785,20582.0,219179.0,239761.0,103385.0,88637.0,192022.0,0.528051823196832,0.4635023840485479,0.5360746602035089,0.316992482195978,0.47130716261092553
uttar pradesh,Ghazipur,4323,6894,71,11288,61.07370659107016,16498.0,111342.0,127840.0,91279.0,54413.0,145692.0,0.25836061070799093,0.6107370659107016,0.2858337451062374,0.24051029942452645,0.34837928913162497
uttar pradesh,Gonda,7445,7494,328,15267,49.08626449204166,10986.0,114930.0,125916.0,99643.0,52432.0,152075.0,0.34944033694233984,0.4908626449204166,0.28153192935542076,0.2510474410742173,0.3515356532458507
uttar pradesh,Gorakhpur,7454,12090,425,19969,60.54384295658271,18079.0,140786.0,158865.0,81386.0,96778.0,178164.0,0.45706960880811226,0.605438429565827,0.3552016420236421,0.2941155107121279,0.44119740102145
uttar pradesh,Hamirpur,2040,1398,27,3465,40.34632034632035,2986.0,39454.0,42440.0,36831.0,17856.0,54687.0,0.07929132236134319,0.40346320346320347,0.09489036406687043,0.09027802998537379,0.16565144250271982
uttar pradesh,Hapur,4450,2771,41,7262,38.157532360231336,4518.0,39764.0,44282.0,39349.0,17406.0,56755.0,0.1662050495570765,0.3815753236023134,0.09900883839795373,0.09369191200504488,0.19210574832615482
uttar pradesh,Hardoi,12591,12290,312,25193,48.783392212122415,11832.0,132119.0,143951.0,150577.0,54520.0,205097.0,0.5766475152791448,0.4878339221212242,0.32185586234189595,0.33857686682228333,0.45587165671084257
uttar pradesh,Hathras,3815,2596,82,6493,39.98151855844756,5978.0,54680.0,60658.0,60241.0,20163.0,80404.0,0.14860255911369516,0.3998151855844756,0.13562346144128715,0.13273199705494898,0.20563578378515943
uttar pradesh,Jalaun,2791,2641,125,5557,47.525643332733495,4466.0,56207.0,60673.0,46744.0,27938.0,74682.0,0.1271774212008149,0.47525643332733497,0.1356569995058725,0.12328604303340256,0.21511481425997397
uttar pradesh,Jaunpur,5400,10237,216,15853,64.5745284804138,19038.0,136703.0,155741.0,109148.0,73932.0,183080.0,0.3628539382424978,0.6457452848041381,0.3482167811059959,0.3022309091689475,0.4185247376408974
uttar pradesh,Jhansi,4570,2519,71,7160,35.18156424581005,5591.0,66250.0,71841.0,68211.0,43794.0,112005.0,0.16387025888708312,0.35181564245810054,0.16062720652516585,0.1848993499097005,0.2144138125119775
uttar pradesh,Jyotiba Phule Nagar,61,23,0,84,27.380952380952383,6.0,599.0,605.0,20.0,157.0,177.0,0.0018998786824455788,0.27380952380952384,0.0013527019382765459,0.0002921939639660461,0.06944631767168544
uttar pradesh,Kannauj,3083,3455,100,6638,52.04880988249473,6283.0,53404.0,59687.0,49715.0,21938.0,71653.0,0.151921624281823,0.5204880988249473,0.1334524307271276,0.11828572937886497,0.2336422252260734
uttar pradesh,Kanpur Dehat,4032,3802,183,8017,47.42422352500936,7310.0,64779.0,72089.0,53708.0,21918.0,75626.0,0.18348707853594892,0.4742422352500936,0.16118170252631062,0.12484441084122147,0.23998625897361195
uttar pradesh,Kanpur Nagar,11427,12606,675,24708,51.01991257892181,13567.0,156558.0,170125.0,92823.0,88615.0,181438.0,0.5655458145443725,0.5101991257892181,0.38037754917239236,0.29952027363882183,0.4614703811000777
uttar pradesh,Kasganj,3206,2977,158,6341,46.94843084686958,4352.0,45355.0,49707.0,51039.0,23480.0,74519.0,0.1451232632133129,0.46948430846869577,0.11113843842299548,0.12301696045641687,0.2149952990177159
uttar pradesh,Kaushambi,4356,3038,69,7463,40.707490285408014,8798.0,68214.0,77012.0,74241.0,23354.0,97595.0,0.17080596058323988,0.40707490285408016,0.17218889532322867,0.16111112945348174,0.22821081687299608
uttar pradesh,Kheri,11282,12841,455,24578,52.245910977296774,12160.0,170938.0,183098.0,139638.0,50425.0,190063.0,0.5625701009453613,0.5224591097729677,0.40938350329679174,0.31375853883208255,0.47214272119989326
uttar pradesh,Kushi Nagar,779,777,14,1570,49.49044585987261,0.0,0.0,0.0,0.0,0.0,0.0,0.03591457412960377,0.4949044585987261,0.0,0.0,0.13629621559504285
uttar pradesh,Kushinagar,4449,6132,30,10611,57.789086796720376,18705.0,148550.0,167255.0,81324.0,66502.0,147826.0,0.2428640098885252,0.5778908679672038,0.3739605994817251,0.24403313512567643,0.35307386737426505
uttar pradesh,Kushinagar *,5,1,0,6,16.666666666666664,6.0,134.0,140.0,39.0,40.0,79.0,0.00011445052303889029,0.16666666666666666,0.0003130219361301098,0.0001304142551034895,0.04179541158797699
uttar pradesh,Lalitpur,3376,1305,72,4753,27.456343362087104,4072.0,42730.0,46802.0,45154.0,30366.0,75520.0,0.10877377709616132,0.27456343362087104,0.1046432332482957,0.12466942462551299,0.15257421196363594
uttar pradesh,Lucknow,13739,11321,454,25514,44.371717488437724,15779.0,193697.0,209476.0,123838.0,93552.0,217390.0,0.5839952388582416,0.44371717488437723,0.46836130780564916,0.35887031540439973,0.48077395196348865
uttar pradesh,Maharajganj,6132,11265,474,17871,63.035084774215214,11712.0,97186.0,108898.0,58855.0,44246.0,103101.0,0.40904616934099386,0.6303508477421521,0.24348187714783354,0.17020050779018822,0.3834903481924902
uttar pradesh,Mahoba,1979,1029,12,3020,34.0728476821192,2633.0,29671.0,32304.0,31178.0,15161.0,46339.0,0.06910522581088195,0.34072847682119206,0.07222757589105047,0.07649704009165316,0.13911387143564743
uttar pradesh,Mahrajganj,10,9,0,19,47.368421052631575,7.0,37.0,44.0,11.0,14.0,25.0,0.000412021882940005,0.47368421052631576,9.83783227837488e-05,4.1270333893509334e-05,0.1185931900219434
uttar pradesh,Mainpuri,5056,6483,187,11726,55.28739553129797,6552.0,62889.0,69441.0,47533.0,26258.0,73791.0,0.26838647652619774,0.5528739553129797,0.15526111619150681,0.12181516833343789,0.2875690125174031
uttar pradesh,Mathura,5851,5766,129,11746,49.08905159203133,11308.0,97981.0,109289.0,79993.0,39424.0,119417.0,0.2688442786183533,0.49089051592031335,0.2443561026980255,0.19713517850244816,0.3051163827365968
uttar pradesh,Mau,2590,4942,47,7579,65.20649162158595,9992.0,77708.0,87700.0,46911.0,40950.0,87861.0,0.17346121271774212,0.6520649162158596,0.1960858842757902,0.14504211224870495,0.29195325281007367
uttar pradesh,Meerut,14177,9598,252,24027,39.946726599242524,13508.0,153711.0,167219.0,109237.0,64415.0,173652.0,0.5499576533064756,0.39946726599242527,0.37388010812672023,0.2866670408510273,0.4244614249509223
uttar pradesh,Mirzapur,3536,4101,8,7645,53.642903858731195,8758.0,78518.0,87276.0,73940.0,34252.0,108192.0,0.17497195962185547,0.536429038587312,0.19513787498351046,0.17860479858426245,0.27009598022803194
uttar pradesh,Moradabad,15196,6131,218,21545,28.456718496170808,13369.0,150136.0,163505.0,101759.0,58715.0,160474.0,0.49314441366997047,0.2845671849617081,0.3655760833353829,0.26491262244908065,0.3698400821818094
uttar pradesh,Muzaffarnagar,7250,4575,124,11949,38.28772282199347,12022.0,123611.0,135633.0,113738.0,56113.0,169851.0,0.2734909698537322,0.3828772282199347,0.3032578875938227,0.2803922992858581,0.30817118387972614
uttar pradesh,Pilibhit,8791,4631,213,13635,33.964063072973964,11012.0,125251.0,136263.0,94560.0,41070.0,135630.0,0.31208368622244603,0.33964063072973966,0.30466648630640825,0.22389981543906684,0.29985270820938603
uttar pradesh,Pratapgarh,5866,4386,56,10308,42.54947613504074,10372.0,94358.0,104730.0,78855.0,53105.0,131960.0,0.23592830819236843,0.4254947613504074,0.2341627669350457,0.21784133042349965,0.2793494176766399
uttar pradesh,Prayagraj,1428,1255,182,2865,43.80453752181501,3121.0,25906.0,29027.0,10696.0,9527.0,20223.0,0.06555725959667635,0.43804537521815007,0.06490062671463355,0.03338439849313757,0.15211338970492844
uttar pradesh,Rae Bareli,5812,3875,42,9729,39.8293760920958,10271.0,97982.0,108253.0,83330.0,45408.0,128738.0,0.22267493762446494,0.39829376092095803,0.24203974037066267,0.21252240979130418,0.2684220984311956
uttar pradesh,Raebareli,0,3,0,3,100.0,1.0,13.0,14.0,3.0,6.0,9.0,4.578020921555612e-05,1.0,3.130219361301098e-05,1.485732020166336e-05,0.2500252549759884
uttar pradesh,Rampur,12051,7757,302,20110,38.57284932869219,12350.0,143168.0,155518.0,83353.0,41589.0,124942.0,0.46029711355780895,0.38572849328692194,0.3477181818791601,0.20625592229291373,0.3683309339013784
uttar pradesh,Saharanpur,13708,5359,99,19166,27.96097255556715,13397.0,154417.0,167814.0,114742.0,75974.0,190716.0,0.43868885480806646,0.2796097255556715,0.3752104513552732,0.314836519953381,0.3614529248334719
uttar pradesh,Sambhal,4744,3816,117,8677,43.97833352541201,8117.0,91472.0,99589.0,78323.0,25024.0,103347.0,0.19859454757708242,0.4397833352541201,0.2226681542661536,0.17060660787570037,0.25810887789387965
uttar pradesh,Sant Kabir Nagar,2789,3343,37,6169,54.19030637056249,7684.0,71522.0,79206.0,53729.0,36811.0,90540.0,0.14118616522077507,0.5419030637056249,0.17709439623658196,0.1494646412287334,0.2502027312467406
uttar pradesh,Sant Ravidas Nagar,1869,2547,4,4420,57.62443438914027,5889.0,43274.0,49163.0,44701.0,23372.0,68073.0,0.10115137226177123,0.5762443438914027,0.10992212461403277,0.11237581756531444,0.22392365470034004
uttar pradesh,Sant Ravidas Nagar Bhadohi,37,47,0,84,55.952380952380956,20.0,277.0,297.0,47.0,63.0,110.0,0.0018998786824455788,0.5595238095238095,0.0006640536787903043,0.00018158946913144106,0.14071503854939268
uttar pradesh,Shahjahanpur,12811,11033,447,24291,45.420114445679474,13197.0,136275.0,149472.0,114767.0,39721.0,154488.0,0.556000640922929,0.45420114445679477,0.3342001059802841,0.25503085370161876,0.42599670237360443
uttar pradesh,Shamli,5530,2613,57,8200,31.865853658536587,7228.0,68386.0,75614.0,65022.0,38112.0,103134.0,0.1876759676791723,0.31865853658536586,0.1690631477038723,0.17025498463092767,0.21321484930101178
uttar pradesh,Shravasti,867,1570,98,2535,61.93293885601578,0.0,0.0,0.0,0.0,0.0,0.0,0.0580035250761096,0.6193293885601578,0.0,0.0,0.17513358091667783
uttar pradesh,Shrawasti,1816,3151,150,5117,61.57905022474106,4345.0,58376.0,62721.0,35921.0,20643.0,56564.0,0.11710577517339253,0.6157905022474106,0.14023606325726154,0.09337660665409847,0.24165718085481205
uttar pradesh,Siddharth Nagar,1603,2586,152,4341,59.57152729785764,0.0,0.0,0.0,0.0,0.0,0.0,0.09934305399775677,0.5957152729785764,0.0,0.0,0.18369888714385896
uttar pradesh,Siddharthnagar,4875,8739,399,14013,62.36351958895312,9289.0,84354.0,93643.0,65033.0,42247.0,107280.0,0.32073614576418613,0.6236351958895312,0.20937366546451336,0.17709925680382724,0.34546103444351606
uttar pradesh,Sitapur,16237,13869,748,30854,44.95041161599793,12130.0,157192.0,169322.0,200310.0,64001.0,264311.0,0.7062283974637764,0.4495041161599793,0.3785821447815889,0.4363281288690938,0.5225380228824531
uttar pradesh,Sonbhadra,2998,2023,13,5034,40.186730234406035,6874.0,65203.0,72077.0,72009.0,31746.0,103755.0,0.11520589649094695,0.4018673023440604,0.16115487207464232,0.17128013972484243,0.2072758917177435
uttar pradesh,Sultanpur,5465,5837,132,11434,51.04950148679377,9519.0,73102.0,82621.0,60800.0,37665.0,98465.0,0.26170256598072655,0.5104950148679377,0.1847298956071843,0.16254733707297586,0.28867509834627075
uttar pradesh,Unnao,9838,8943,367,19148,46.70461667014832,9141.0,115402.0,124543.0,92856.0,53534.0,146390.0,0.4382768329251265,0.4670461667014832,0.2784620785103733,0.24166256714683323,0.37418336233060634
uttar pradesh,Varanasi,9479,13404,451,23334,57.44407302648496,15174.0,144324.0,159498.0,102481.0,79930.0,182411.0,0.5340948108132854,0.5744407302648495,0.35661694834914465,0.3011265150339572,0.4620920590274826
uttarakhand,Almora,1228,131,8,1367,9.58302852962692,1843.0,13943.0,15786.0,16853.0,15555.0,32408.0,0.03126788289422482,0.0958302852962692,0.03529545916964224,0.05349955923283402,0.05266033401754124
uttarakhand,Bageshwar,675,65,2,742,8.76010781671159,934.0,5994.0,6928.0,8018.0,13477.0,21495.0,0.016961567514363538,0.0876010781671159,0.015490114096495719,0.035484233081639324,0.03803168760743322
uttarakhand,Chamoli,1006,77,7,1090,7.064220183486239,1179.0,10611.0,11790.0,13657.0,14745.0,28402.0,0.024927323917870302,0.07064220183486239,0.02636091876409996,0.04688640092973808,0.04103457776873781
uttarakhand,Champawat,769,96,1,866,11.085450346420323,1372.0,11133.0,12505.0,11728.0,11486.0,23214.0,0.01979994048572802,0.11085450346420324,0.027959566509335877,0.038321981240157024,0.0478999145859542
uttarakhand,Dehradun,7797,1554,134,9485,16.383763837638377,7573.0,75049.0,82622.0,65769.0,63511.0,129280.0,0.2170897521001671,0.16383763837638377,0.18473213147815665,0.21341715063011546,0.19657067925080884
uttarakhand,Garhwal,52,4,0,56,7.142857142857142,16.0,388.0,404.0,30.0,306.0,336.0,0.0012589557534277932,0.07142857142857142,0.0009032918728326026,0.0005546732875287654,0.01858937040291486
uttarakhand,Hardwar,118,28,0,146,19.17808219178082,32.0,1155.0,1187.0,196.0,699.0,895.0,0.0033190651681278185,0.1917808219178082,0.0026539788441888594,0.001477477953387634,0.04993316964781209
uttarakhand,Haridwar,4688,1215,52,5955,20.40302267002519,6779.0,62121.0,68900.0,88084.0,46552.0,134636.0,0.13628768283471057,0.20403022670025192,0.1540515099954612,0.2222589069634609,0.1739703290589961
uttarakhand,Nainital,3417,458,76,3951,11.592002024803847,6093.0,43007.0,49100.0,37930.0,31431.0,69361.0,0.09041591320072333,0.11592002024803848,0.10978126474277422,0.11450206516750804,0.10548224066431923
uttarakhand,Pauri Garhwal,1677,165,14,1856,8.890086206896552,2138.0,18992.0,21130.0,24167.0,19592.0,43759.0,0.0424611440474283,0.08890086206896551,0.047243953645923,0.07223794163384299,0.06098299498979448
uttarakhand,Pithoragarh,1065,146,9,1220,11.967213114754099,1538.0,13164.0,14702.0,15610.0,14573.0,30183.0,0.02790303751688145,0.119672131147541,0.032871775035606246,0.049826499516311684,0.05622375082817734
uttarakhand,Rudraprayag,874,82,0,956,8.577405857740587,830.0,7004.0,7834.0,11684.0,12494.0,24178.0,0.021860049900428044,0.08577405857740587,0.017515813197452,0.039913365315090744,0.040580367812009834
uttarakhand,Tehri Garhwal,2444,324,13,2781,11.650485436893204,2715.0,23151.0,25866.0,27362.0,29919.0,57281.0,0.063634490809623,0.11650485436893204,0.057833038571010145,0.09456023983016432,0.08187694105583596
uttarakhand,Udham Singh Nagar,5092,985,18,6095,16.16078753076292,15488.0,119374.0,134862.0,89690.0,55177.0,144867.0,0.1394922974797995,0.1616078753076292,0.3015340310741348,0.23914837840604067,0.1973607548408722
uttarakhand,Uttarkashi,978,149,5,1132,13.162544169611307,1396.0,8625.0,10021.0,13663.0,10805.0,24468.0,0.02588870831139698,0.13162544169611307,0.022405663013998788,0.04039210118825545,0.05452696117346806
west  bengal,Hooghly,9,6,0,15,40.0,6.0,101.0,107.0,6.0,22.0,28.0,0.00032046146450889274,0.4,0.0002392381940422982,4.622277396073045e-05,0.10016925370617873
west bangal,Hooghly,5,1,0,6,16.666666666666664,1.0,92.0,93.0,10.0,24.0,34.0,0.00011445052303889029,0.16666666666666666,0.00020793600042928723,5.612765409517269e-05,0.041759537080635165
west bangal,Howrah,2,2,0,4,50.0,3.0,48.0,51.0,5.0,14.0,19.0,6.867031382333417e-05,0.5,0.00011402941959025428,3.136545375906709e-05,0.12505311358450805
west bengal,24 Paraganas North,3177,2458,512,6147,39.98698552139255,0.0,0.0,0.0,0.0,0.0,0.0,0.14068258291940394,0.3998698552139255,0.0,0.0,0.14920636782527275
west bengal,24 Paraganas South,364,104,22,490,21.224489795918366,0.0,0.0,0.0,0.0,0.0,0.0,0.011193261153203468,0.21224489795918366,0.0,0.0,0.05697886589341713
west bengal,Alipurduar,1521,1714,438,3673,46.664851619929216,1375.0,9459.0,10834.0,3735.0,3890.0,7625.0,0.08405246411976103,0.46664851619929215,0.024223426114525784,0.012587451837520346,0.15344266708214863
west bengal,Bankura,9083,2122,150,11355,18.687802730074857,9441.0,136386.0,145827.0,53009.0,55040.0,108049.0,0.25989424771671205,0.18687802730074857,0.32605035628603946,0.1783687322743916,0.23856631123812255
west bengal,Barddhaman,12816,3006,14,15836,18.982066178327862,9917.0,160484.0,170401.0,78501.0,102625.0,181126.0,0.3624648064641655,0.18982066178327864,0.3809946495607631,0.2990052198718309,0.31031782159479643
west bengal,Bardhaman,1345,428,3,1776,24.0990990990991,305.0,22944.0,23249.0,2974.0,11201.0,14175.0,0.04062993567880605,0.240990990990991,0.05198176423634945,0.02340027931761979,0.08954463394612372
west bengal,Birbhum,13361,2041,107,15509,13.160100586756077,11252.0,140111.0,151363.0,47630.0,62564.0,110194.0,0.3549797422574221,0.13160100586756077,0.33842813798901294,0.1819097269224547,0.26121073423928143
west bengal,Burdwan,2,0,0,2,0.0,0.0,0.0,0.0,1.0,4.0,5.0,2.2890104607778056e-05,0.0,0.0,8.254066778701866e-06,9.662349968462692e-06
west bengal,Cooch Behar,7262,3220,246,10728,30.014914243102165,10291.0,112568.0,122859.0,20061.0,25103.0,45164.0,0.24554215212763522,0.30014914243102164,0.27469687179292257,0.07455733439865822,0.23082788009074387
west bengal,Coochbehar,2140,2087,183,4410,47.32426303854875,0.0,0.0,0.0,0.0,0.0,0.0,0.10092247121569345,0.47324263038548753,0.0,0.0,0.15363352252186457
west bengal,Dakshin Dinajpur,5358,1069,99,6526,16.380631320870364,4998.0,79280.0,84278.0,21351.0,23308.0,44659.0,0.14935793256575183,0.16380631320870365,0.18843473380838138,0.07372367365400934,0.1456585361926672
west bengal,Darjeeling,3967,2579,773,7319,35.23705424238284,2757.0,50880.0,53637.0,13781.0,26321.0,40102.0,0.16750978551971982,0.3523705424238284,0.11992541134436213,0.06620091719190045,0.18394632624511156
west bengal,Darjiling,535,189,2,726,26.033057851239672,58.0,8213.0,8271.0,541.0,2045.0,2586.0,0.01659532584063909,0.2603305785123967,0.018492888812372415,0.004269003337944605,0.07544338710238625
west bengal,Dinajpur Dakshin,707,256,34,997,25.67703109327984,0.0,0.0,0.0,0.0,0.0,0.0,0.022798544189346945,0.2567703109327984,0.0,0.0,0.07217206819947103
west bengal,Dinajpur Uttar,6478,4859,334,11671,41.63310770285323,0.0,0.0,0.0,0.0,0.0,0.0,0.2671275207727699,0.41633107702853234,0.0,0.0,0.19757740152760256
west bengal,East Midnapore,1796,318,4,2118,15.01416430594901,653.0,24594.0,25247.0,7721.0,18977.0,26698.0,0.04845835145466614,0.1501416430594901,0.05644903443912059,0.044073414971556486,0.07460032365614108
west bengal,East Midnapur,1,0,0,1,0.0,2.0,18.0,20.0,0.0,13.0,13.0,0.0,0.0,4.4717419447158544e-05,2.1460573624624852e-05,1.323559861435668e-05
west bengal,HOOGHLY,5,1,0,6,16.666666666666664,0.0,68.0,68.0,2.0,18.0,20.0,0.00011445052303889029,0.16666666666666666,0.00015203922612033903,3.301626711480746e-05,0.041743735448377305
west bengal,HOWRAH,2,1,0,3,33.33333333333333,3.0,50.0,53.0,10.0,20.0,30.0,4.578020921555612e-05,0.3333333333333333,0.00011850116153497014,4.95244006722112e-05,0.08338296151900021
west bengal,Haora,1943,917,2,2862,32.040531097134874,354.0,39541.0,39895.0,5290.0,22465.0,27755.0,0.06548858928285302,0.3204053109713487,0.0892000724422195,0.04581832468857406,0.13002601341799444
west bengal,Hawrah,3,3,0,6,50.0,0.0,32.0,32.0,3.0,10.0,13.0,0.00011445052303889029,0.5,7.154787111545367e-05,2.1460573624624852e-05,0.12505865937201163
west bengal,Hooghiy,1,0,0,1,0.0,1.0,31.0,32.0,1.0,6.0,7.0,0.0,0.0,7.154787111545367e-05,1.1555693490182613e-05,1.6620712921127257e-05
west bengal,Hooghly,11132,3853,342,15327,25.13864422261369,9393.0,172293.0,181686.0,70325.0,90387.0,160712.0,0.3508137432188065,0.2513864422261369,0.40622645348382236,0.2653055160277469,0.31993781458543036
west bengal,Howrah,8137,3124,146,11407,27.38669238187078,6392.0,101339.0,107731.0,43092.0,56242.0,99334.0,0.2610845331563165,0.2738669238187078,0.24087261572309185,0.16398189387911424,0.24081721947982893
west bengal,Hugli,148,46,0,194,23.711340206185564,16.0,1248.0,1264.0,97.0,342.0,439.0,0.004417790189301165,0.23711340206185566,0.00282614090906042,0.0007247070631700239,0.06153474667616542
west bengal,Jalpaiguri,5674,4442,538,10654,41.693260747137224,8504.0,179007.0,187511.0,32134.0,48509.0,80643.0,0.24384828438665965,0.41693260747137223,0.41925040189780727,0.13312654144697092,0.30005544007212953
west bengal,Jhargram,741,171,50,962,17.775467775467778,835.0,6423.0,7258.0,1747.0,2259.0,4006.0,0.02199739052807471,0.1777546777546778,0.016227951517373836,0.0066131583030959356,0.05670597808758955
west bengal,KOLKATA,0,1,0,1,100.0,0.0,23.0,23.0,1.0,1.0,2.0,0.0,1.0,5.142503236423232e-05,3.3016267114807466e-06,0.2500109453318151
west bengal,Kalimpong,176,184,153,513,35.86744639376218,204.0,2177.0,2381.0,442.0,281.0,723.0,0.011719733559182365,0.3586744639376218,0.005323608785184225,0.00119353805620029,0.09507395209839618
west bengal,Koch Bihar,2227,1111,10,3348,33.183990442054956,427.0,70660.0,71087.0,2719.0,10482.0,13201.0,0.07661318012223316,0.33183990442054956,0.15894135981200797,0.021792387109128668,0.1459213385321463
west bengal,Kolkata,5028,4610,723,10361,44.49377473216871,3616.0,102860.0,106476.0,26755.0,64255.0,91010.0,0.23714148373658067,0.4449377473216871,0.23806659765278265,0.15024052350593137,0.27189538036996785
west bengal,MALDA,14,1,0,15,6.666666666666667,3.0,85.0,88.0,6.0,35.0,41.0,0.00032046146450889274,0.06666666666666667,0.0001967566455674976,6.768334758535531e-05,0.01683171617787535
west bengal,Malda,11775,3956,84,15815,25.014226999683842,17474.0,178906.0,196380.0,38434.0,56884.0,95318.0,0.3619841142674022,0.2501422699968384,0.4390803415516497,0.1573522274424609,0.30851652129162255
west bengal,Maldah,1190,566,0,1756,32.23234624145786,568.0,21998.0,22566.0,3369.0,10807.0,14176.0,0.04017213358665049,0.3223234624145786,0.050454664362228986,0.02340193013097553,0.10941243125761323
west bengal,Medinipur,26,3,0,29,10.344827586206897,11.0,167.0,178.0,24.0,51.0,75.0,0.0006409229290177856,0.10344827586206896,0.000397985033079711,0.000123811001680528,0.026190751197625515
west bengal,Medinipur West,325,300,20,645,46.51162790697674,0.0,0.0,0.0,0.0,0.0,0.0,0.014741227367409068,0.46511627906976744,0.0,0.0,0.12143849934603504
west bengal,Murshidabad,31442,4383,86,35911,12.205173902146974,31110.0,340843.0,371953.0,90308.0,128771.0,219079.0,0.82198365646531,0.12205173902146975,0.8316389157814481,0.3616585391622452,0.5568667055069646
west bengal,NADIA,3,0,0,3,0.0,0.0,18.0,18.0,0.0,3.0,3.0,4.578020921555612e-05,0.0,4.024567750244269e-05,4.95244006722112e-06,2.5062696739377403e-05
west bengal,Nadia,13244,3623,843,17710,20.457368718238282,9450.0,182862.0,192312.0,51700.0,76091.0,127791.0,0.4053608624991416,0.20457368718238284,0.4299848184360977,0.21095908954341805,0.3212085052661984
west bengal,North 24 Parganas,21517,5741,1348,28606,20.069216248339508,15020.0,275457.0,290477.0,96368.0,127542.0,223910.0,0.6547714423054913,0.20069216248339508,0.6494690924376136,0.369633618483827,0.48316358761205885
west bengal,North Dinajpur,263,79,0,342,23.099415204678362,86.0,4815.0,4901.0,205.0,990.0,1195.0,0.0078055256712523165,0.2309941520467836,0.0109580036355262,0.0019727219601097462,0.0630666171157614
west bengal,North Twenty Four Parganas,1226,399,2,1627,24.523663183773817,279.0,19456.0,19735.0,2855.0,11798.0,14653.0,0.03721931009224712,0.24523663183773817,0.04412491363948369,0.02418936810166369,0.0879987728399505
west bengal,Paschim Bardhaman,865,318,93,1276,24.921630094043888,1400.0,15281.0,16681.0,3659.0,6446.0,10105.0,0.029184883374917023,0.2492163009404389,0.037296563689902584,0.016681468959756474,0.0833143909462625
west bengal,Paschim Medinipur,14240,3695,150,18085,20.431296654686204,14645.0,199535.0,214180.0,69346.0,79404.0,148750.0,0.4139446517270584,0.20431296654686204,0.47887884485962084,0.24555848666638053,0.34084633604638626
west bengal,Purba Bardhaman,2523,390,128,3041,12.824728707661952,2464.0,21987.0,24451.0,5236.0,7609.0,12845.0,0.0695859180076453,0.12824728707661953,0.05466928114512368,0.021204697554485095,0.07159168881175249
west bengal,Purba Medinipur,12954,1310,58,14322,9.146767211283342,9860.0,93569.0,103429.0,61435.0,69921.0,131356.0,0.32780918808798953,0.09146767211283342,0.23125389880000805,0.21684423915663248,0.2272197614503328
west bengal,Purulia,539,243,1,783,31.03448275862069,385.0,6924.0,7309.0,979.0,2896.0,3875.0,0.01790006180328244,0.3103448275862069,0.01634198093696409,0.006396901753493946,0.08839900506579218
west bengal,Puruliya,9674,3412,133,13219,25.81133217338679,12343.0,142695.0,155038.0,36223.0,55873.0,92096.0,0.3025614027056104,0.2581133217338679,0.3466449638124283,0.15203330681026542,0.27016047550496936
west bengal,South 24 Pargana,1,1,0,2,50.0,2.0,15.0,17.0,1.0,2.0,3.0,2.2890104607778056e-05,0.5,3.800980653008476e-05,4.95244006722112e-06,0.1250166039859322
west bengal,South 24 Parganas,25039,8197,304,33540,24.439475253428743,27728.0,373435.0,401163.0,102759.0,121867.0,224626.0,0.7677112184402682,0.24439475253428744,0.8969487068840231,0.3708156008465371,0.5833504761337778
west bengal,South 24 parganas,2,0,0,2,0.0,0.0,24.0,24.0,0.0,5.0,5.0,2.2890104607778056e-05,0.0,5.366090333659025e-05,8.254066778701866e-06,2.0394530635780743e-05
west bengal,South Dinajpur,375,71,0,446,15.919282511210762,79.0,6740.0,6819.0,554.0,1571.0,2125.0,0.010186096550461234,0.1591928251121076,0.015246404160508705,0.003507978380948293,0.04711421657897974
west bengal,South Twenty Four Parganas,2978,1125,4,4107,27.39225712198685,814.0,41252.0,42066.0,7977.0,25405.0,33382.0,0.0939867695195367,0.2739225712198685,0.09405414832320856,0.05510745144132514,0.13120833208971172
west bengal,Uttar Dinajpur,18397,8127,368,26892,30.220883534136544,17577.0,252655.0,270232.0,32722.0,59034.0,91756.0,0.6155378030077597,0.30220883534136544,0.6042038846022274,0.1514720302693137,0.4421256228623655
west bengal,West Medinipur,1,1,0,2,50.0,0.0,12.0,12.0,1.0,3.0,4.0,2.2890104607778056e-05,0.5,2.6830451668295124e-05,6.603253422961493e-06,0.12501469827763098
west bengal,West Midnapore,1647,540,3,2190,24.65753424657534,455.0,30225.0,30680.0,4390.0,14588.0,18978.0,0.050106438986426166,0.2465753424657534,0.0685965214319412,0.031329135865240804,0.09916622072112391
west bengal,hooghly,8,2,0,10,20.0,3.0,76.0,79.0,8.0,32.0,40.0,0.0002060109414700025,0.2,0.00017663380681627624,6.603253422961493e-05,0.05012063709772368
west bengal,nadia,2,1,0,3,33.33333333333333,1.0,12.0,13.0,0.0,7.0,7.0,4.578020921555612e-05,0.3333333333333333,2.906632264065305e-05,1.1555693490182613e-05,0.08335748080978493
westbengal,HOOGHLY,1,0,0,1,0.0,0.0,57.0,57.0,5.0,7.0,12.0,0.0,0.0,0.00012744464542440185,1.980976026888448e-05,2.9450881138657268e-05
westbengal,Hooghly,3,3,0,6,50.0,0.0,87.0,87.0,2.0,14.0,16.0,0.00011445052303889029,0.5,0.00019452077459513966,2.6413013691845972e-05,0.12508424444072103
